,precipitation,t -1,t -2,t -3,t -4,t -5,t -6,t -7,t -8,t -9,t -10,t -11,t -12,t -13,t -14,t -15,t -16,t -17,t -18,t -19,t -20,t -21,t -22,t -23
0,108.1699,,,,,,,,,,,,,,,,,,,,,,,
1,52.6629,,,,,,,,,,,,,,,,,,,,,,,
2,150.4337,,,,,,,,,,,,,,,,,,,,,,,
3,222.6304,,,,,,,,,,,,,,,,,,,,,,,
4,72.5689,,,,,,,,,,,,,,,,,,,,,,,
5,38.3427,,,,,,,,,,,,,,,,,,,,,,,
6,3.8564,,,,,,,,,,,,,,,,,,,,,,,
7,5.1663,,,,,,,,,,,,,,,,,,,,,,,
8,16.2825,,,,,,,,,,,,,,,,,,,,,,,
9,27.0548,,,,,,,,,,,,,,,,,,,,,,,
10,63.5028,,,,,,,,,,,,,,,,,,,,,,,
11,141.8453,,,,,,,,,,,,,,,,,,,,,,,
12,40.4654,,,,,,,,,,,,,,,,,,,,,,,
13,99.7112,,,,,,,,,,,,,,,,,,,,,,,
14,209.4276,,,,,,,,,,,,,,,,,,,,,,,
15,8.9746,,,,,,,,,,,,,,,,,,,,,,,
16,57.5473,,,,,,,,,,,,,,,,,,,,,,,
17,3.2733,,,,,,,,,,,,,,,,,,,,,,,
18,0.8287,,,,,,,,,,,,,,,,,,,,,,,
19,5.0049,,,,,,,,,,,,,,,,,,,,,,,
20,3.7388,,,,,,,,,,,,,,,,,,,,,,,
21,6.1449,,,,,,,,,,,,,,,,,,,,,,,
22,63.985,,,,,,,,,,,,,,,,,,,,,,,
23,54.7504,,,,,,,,,,,,,,,,,,,,,,,
24,234.9162,,,,,,,,,,,,,,,,,,,,,,,
25,125.7046,,,,,,,,,,,,,,,,,,,,,,,
26,116.1445,,,,,,,,,,,,,,,,,,,,,,,
27,58.7856,,,,,,,,,,,,,,,,,,,,,,,
28,36.2573,,,,,,,,,,,,,,,,,,,,,,,
29,17.4126,,,,,,,,,,,,,,,,,,,,,,,
30,0.5856,,,,,,,,,,,,,,,,,,,,,,,
31,2.4364,,,,,,,,,,,,,,,,,,,,,,,
32,17.6535,,,,,,,,,,,,,,,,,,,,,,,
33,153.6081,,,,,,,,,,,,,,,,,,,,,,,
34,196.1526,,,,,,,,,,,,,,,,,,,,,,,
35,201.9834,,,,,,,,,,,,,,,,,,,,,,,
36,170.0752,,,,,,,,,,,,,,,,,,,,,,,
37,111.5515,2.5,,,,,,,,,,,,,,,,,,,,,,
38,49.3925,1.5,2.5,,,,,,,,,,,,,,,,,,,,,
39,49.3122,-0.2,1.5,2.5,,,,,,,,,,,,,,,,,,,,
40,56.8626,-0.5,-0.2,1.5,2.5,,,,,,,,,,,,,,,,,,,
41,1.7826,-1.1,-0.5,-0.2,1.5,2.5,,,,,,,,,,,,,,,,,,
42,0.0207,0.3,-1.1,-0.5,-0.2,1.5,2.5,,,,,,,,,,,,,,,,,
43,5.0254,-1.7,0.3,-1.1,-0.5,-0.2,1.5,2.5,,,,,,,,,,,,,,,,
44,2.0262,-0.4,-1.7,0.3,-1.1,-0.5,-0.2,1.5,2.5,,,,,,,,,,,,,,,
45,91.9665,-1.8,-0.4,-1.7,0.3,-1.1,-0.5,-0.2,1.5,2.5,,,,,,,,,,,,,,
46,153.10299999999998,-1.6,-1.8,-0.4,-1.7,0.3,-1.1,-0.5,-0.2,1.5,2.5,,,,,,,,,,,,,
47,279.7197,-1.3,-1.6,-1.8,-0.4,-1.7,0.3,-1.1,-0.5,-0.2,1.5,2.5,,,,,,,,,,,,
48,279.7602,-1.2,-1.3,-1.6,-1.8,-0.4,-1.7,0.3,-1.1,-0.5,-0.2,1.5,2.5,,,,,,,,,,,
49,135.3461,-1.5,-1.2,-1.3,-1.6,-1.8,-0.4,-1.7,0.3,-1.1,-0.5,-0.2,1.5,2.5,,,,,,,,,,
50,147.097,-1.0,-1.5,-1.2,-1.3,-1.6,-1.8,-0.4,-1.7,0.3,-1.1,-0.5,-0.2,1.5,2.5,,,,,,,,,
51,35.5575,0.9,-1.0,-1.5,-1.2,-1.3,-1.6,-1.8,-0.4,-1.7,0.3,-1.1,-0.5,-0.2,1.5,2.5,,,,,,,,
52,29.6653,-0.4,0.9,-1.0,-1.5,-1.2,-1.3,-1.6,-1.8,-0.4,-1.7,0.3,-1.1,-0.5,-0.2,1.5,2.5,,,,,,,
53,40.971000000000004,1.2,-0.4,0.9,-1.0,-1.5,-1.2,-1.3,-1.6,-1.8,-0.4,-1.7,0.3,-1.1,-0.5,-0.2,1.5,2.5,,,,,,
54,12.0392,1.2,1.2,-0.4,0.9,-1.0,-1.5,-1.2,-1.3,-1.6,-1.8,-0.4,-1.7,0.3,-1.1,-0.5,-0.2,1.5,2.5,,,,,
55,0.7515,0.8,1.2,1.2,-0.4,0.9,-1.0,-1.5,-1.2,-1.3,-1.6,-1.8,-0.4,-1.7,0.3,-1.1,-0.5,-0.2,1.5,2.5,,,,
56,12.835,0.1,0.8,1.2,1.2,-0.4,0.9,-1.0,-1.5,-1.2,-1.3,-1.6,-1.8,-0.4,-1.7,0.3,-1.1,-0.5,-0.2,1.5,2.5,,,
57,6.9763,-0.4,0.1,0.8,1.2,1.2,-0.4,0.9,-1.0,-1.5,-1.2,-1.3,-1.6,-1.8,-0.4,-1.7,0.3,-1.1,-0.5,-0.2,1.5,2.5,,
58,70.4533,0.6,-0.4,0.1,0.8,1.2,1.2,-0.4,0.9,-1.0,-1.5,-1.2,-1.3,-1.6,-1.8,-0.4,-1.7,0.3,-1.1,-0.5,-0.2,1.5,2.5,
59,310.8277,0.0,0.6,-0.4,0.1,0.8,1.2,1.2,-0.4,0.9,-1.0,-1.5,-1.2,-1.3,-1.6,-1.8,-0.4,-1.7,0.3,-1.1,-0.5,-0.2,1.5,2.5
60,209.2828,-2.0,0.0,0.6,-0.4,0.1,0.8,1.2,1.2,-0.4,0.9,-1.0,-1.5,-1.2,-1.3,-1.6,-1.8,-0.4,-1.7,0.3,-1.1,-0.5,-0.2,1.5
61,12.7139,0.5,-2.0,0.0,0.6,-0.4,0.1,0.8,1.2,1.2,-0.4,0.9,-1.0,-1.5,-1.2,-1.3,-1.6,-1.8,-0.4,-1.7,0.3,-1.1,-0.5,-0.2
62,101.0221,-0.8,0.5,-2.0,0.0,0.6,-0.4,0.1,0.8,1.2,1.2,-0.4,0.9,-1.0,-1.5,-1.2,-1.3,-1.6,-1.8,-0.4,-1.7,0.3,-1.1,-0.5
63,100.8812,-0.3,-0.8,0.5,-2.0,0.0,0.6,-0.4,0.1,0.8,1.2,1.2,-0.4,0.9,-1.0,-1.5,-1.2,-1.3,-1.6,-1.8,-0.4,-1.7,0.3,-1.1
64,76.876,0.3,-0.3,-0.8,0.5,-2.0,0.0,0.6,-0.4,0.1,0.8,1.2,1.2,-0.4,0.9,-1.0,-1.5,-1.2,-1.3,-1.6,-1.8,-0.4,-1.7,0.3
65,33.2783,-2.8,0.3,-0.3,-0.8,0.5,-2.0,0.0,0.6,-0.4,0.1,0.8,1.2,1.2,-0.4,0.9,-1.0,-1.5,-1.2,-1.3,-1.6,-1.8,-0.4,-1.7
66,0.894,0.2,-2.8,0.3,-0.3,-0.8,0.5,-2.0,0.0,0.6,-0.4,0.1,0.8,1.2,1.2,-0.4,0.9,-1.0,-1.5,-1.2,-1.3,-1.6,-1.8,-0.4
67,11.7729,-0.0,0.2,-2.8,0.3,-0.3,-0.8,0.5,-2.0,0.0,0.6,-0.4,0.1,0.8,1.2,1.2,-0.4,0.9,-1.0,-1.5,-1.2,-1.3,-1.6,-1.8
68,1.0001,-2.0,-0.0,0.2,-2.8,0.3,-0.3,-0.8,0.5,-2.0,0.0,0.6,-0.4,0.1,0.8,1.2,1.2,-0.4,0.9,-1.0,-1.5,-1.2,-1.3,-1.6
69,35.3441,-2.1,-2.0,-0.0,0.2,-2.8,0.3,-0.3,-0.8,0.5,-2.0,0.0,0.6,-0.4,0.1,0.8,1.2,1.2,-0.4,0.9,-1.0,-1.5,-1.2,-1.3
70,123.8429,0.1,-2.1,-2.0,-0.0,0.2,-2.8,0.3,-0.3,-0.8,0.5,-2.0,0.0,0.6,-0.4,0.1,0.8,1.2,1.2,-0.4,0.9,-1.0,-1.5,-1.2
71,41.5006,-0.5,0.1,-2.1,-2.0,-0.0,0.2,-2.8,0.3,-0.3,-0.8,0.5,-2.0,0.0,0.6,-0.4,0.1,0.8,1.2,1.2,-0.4,0.9,-1.0,-1.5
72,203.7425,-0.8,-0.5,0.1,-2.1,-2.0,-0.0,0.2,-2.8,0.3,-0.3,-0.8,0.5,-2.0,0.0,0.6,-0.4,0.1,0.8,1.2,1.2,-0.4,0.9,-1.0
73,129.8573,1.1,-0.8,-0.5,0.1,-2.1,-2.0,-0.0,0.2,-2.8,0.3,-0.3,-0.8,0.5,-2.0,0.0,0.6,-0.4,0.1,0.8,1.2,1.2,-0.4,0.9
74,149.9043,-0.5,1.1,-0.8,-0.5,0.1,-2.1,-2.0,-0.0,0.2,-2.8,0.3,-0.3,-0.8,0.5,-2.0,0.0,0.6,-0.4,0.1,0.8,1.2,1.2,-0.4
75,89.4119,0.4,-0.5,1.1,-0.8,-0.5,0.1,-2.1,-2.0,-0.0,0.2,-2.8,0.3,-0.3,-0.8,0.5,-2.0,0.0,0.6,-0.4,0.1,0.8,1.2,1.2
76,4.5102,1.1,0.4,-0.5,1.1,-0.8,-0.5,0.1,-2.1,-2.0,-0.0,0.2,-2.8,0.3,-0.3,-0.8,0.5,-2.0,0.0,0.6,-0.4,0.1,0.8,1.2
77,34.1361,0.8,1.1,0.4,-0.5,1.1,-0.8,-0.5,0.1,-2.1,-2.0,-0.0,0.2,-2.8,0.3,-0.3,-0.8,0.5,-2.0,0.0,0.6,-0.4,0.1,0.8
78,1.0386,0.2,0.8,1.1,0.4,-0.5,1.1,-0.8,-0.5,0.1,-2.1,-2.0,-0.0,0.2,-2.8,0.3,-0.3,-0.8,0.5,-2.0,0.0,0.6,-0.4,0.1
79,13.5347,0.7,0.2,0.8,1.1,0.4,-0.5,1.1,-0.8,-0.5,0.1,-2.1,-2.0,-0.0,0.2,-2.8,0.3,-0.3,-0.8,0.5,-2.0,0.0,0.6,-0.4
80,5.4085,1.8,0.7,0.2,0.8,1.1,0.4,-0.5,1.1,-0.8,-0.5,0.1,-2.1,-2.0,-0.0,0.2,-2.8,0.3,-0.3,-0.8,0.5,-2.0,0.0,0.6
81,11.2599,0.3,1.8,0.7,0.2,0.8,1.1,0.4,-0.5,1.1,-0.8,-0.5,0.1,-2.1,-2.0,-0.0,0.2,-2.8,0.3,-0.3,-0.8,0.5,-2.0,0.0
82,131.6273,0.4,0.3,1.8,0.7,0.2,0.8,1.1,0.4,-0.5,1.1,-0.8,-0.5,0.1,-2.1,-2.0,-0.0,0.2,-2.8,0.3,-0.3,-0.8,0.5,-2.0
83,168.2878,0.2,0.4,0.3,1.8,0.7,0.2,0.8,1.1,0.4,-0.5,1.1,-0.8,-0.5,0.1,-2.1,-2.0,-0.0,0.2,-2.8,0.3,-0.3,-0.8,0.5
84,91.6365,2.3,0.2,0.4,0.3,1.8,0.7,0.2,0.8,1.1,0.4,-0.5,1.1,-0.8,-0.5,0.1,-2.1,-2.0,-0.0,0.2,-2.8,0.3,-0.3,-0.8
85,49.253,-0.9,2.3,0.2,0.4,0.3,1.8,0.7,0.2,0.8,1.1,0.4,-0.5,1.1,-0.8,-0.5,0.1,-2.1,-2.0,-0.0,0.2,-2.8,0.3,-0.3
86,33.6671,3.1,-0.9,2.3,0.2,0.4,0.3,1.8,0.7,0.2,0.8,1.1,0.4,-0.5,1.1,-0.8,-0.5,0.1,-2.1,-2.0,-0.0,0.2,-2.8,0.3
87,110.175,1.1,3.1,-0.9,2.3,0.2,0.4,0.3,1.8,0.7,0.2,0.8,1.1,0.4,-0.5,1.1,-0.8,-0.5,0.1,-2.1,-2.0,-0.0,0.2,-2.8
88,13.5567,-0.2,1.1,3.1,-0.9,2.3,0.2,0.4,0.3,1.8,0.7,0.2,0.8,1.1,0.4,-0.5,1.1,-0.8,-0.5,0.1,-2.1,-2.0,-0.0,0.2
89,6.3439,1.7,-0.2,1.1,3.1,-0.9,2.3,0.2,0.4,0.3,1.8,0.7,0.2,0.8,1.1,0.4,-0.5,1.1,-0.8,-0.5,0.1,-2.1,-2.0,-0.0
90,4.1732,2.2,1.7,-0.2,1.1,3.1,-0.9,2.3,0.2,0.4,0.3,1.8,0.7,0.2,0.8,1.1,0.4,-0.5,1.1,-0.8,-0.5,0.1,-2.1,-2.0
91,0.0377,2.6,2.2,1.7,-0.2,1.1,3.1,-0.9,2.3,0.2,0.4,0.3,1.8,0.7,0.2,0.8,1.1,0.4,-0.5,1.1,-0.8,-0.5,0.1,-2.1
92,20.2526,2.4,2.6,2.2,1.7,-0.2,1.1,3.1,-0.9,2.3,0.2,0.4,0.3,1.8,0.7,0.2,0.8,1.1,0.4,-0.5,1.1,-0.8,-0.5,0.1
93,18.1933,2.2,2.4,2.6,2.2,1.7,-0.2,1.1,3.1,-0.9,2.3,0.2,0.4,0.3,1.8,0.7,0.2,0.8,1.1,0.4,-0.5,1.1,-0.8,-0.5
94,114.4645,2.5,2.2,2.4,2.6,2.2,1.7,-0.2,1.1,3.1,-0.9,2.3,0.2,0.4,0.3,1.8,0.7,0.2,0.8,1.1,0.4,-0.5,1.1,-0.8
95,480.1264,2.0,2.5,2.2,2.4,2.6,2.2,1.7,-0.2,1.1,3.1,-0.9,2.3,0.2,0.4,0.3,1.8,0.7,0.2,0.8,1.1,0.4,-0.5,1.1
96,297.1558,1.6,2.0,2.5,2.2,2.4,2.6,2.2,1.7,-0.2,1.1,3.1,-0.9,2.3,0.2,0.4,0.3,1.8,0.7,0.2,0.8,1.1,0.4,-0.5
97,161.4874,2.2,1.6,2.0,2.5,2.2,2.4,2.6,2.2,1.7,-0.2,1.1,3.1,-0.9,2.3,0.2,0.4,0.3,1.8,0.7,0.2,0.8,1.1,0.4
98,13.727,2.7,2.2,1.6,2.0,2.5,2.2,2.4,2.6,2.2,1.7,-0.2,1.1,3.1,-0.9,2.3,0.2,0.4,0.3,1.8,0.7,0.2,0.8,1.1
99,52.9378,2.2,2.7,2.2,1.6,2.0,2.5,2.2,2.4,2.6,2.2,1.7,-0.2,1.1,3.1,-0.9,2.3,0.2,0.4,0.3,1.8,0.7,0.2,0.8
100,69.5543,1.5,2.2,2.7,2.2,1.6,2.0,2.5,2.2,2.4,2.6,2.2,1.7,-0.2,1.1,3.1,-0.9,2.3,0.2,0.4,0.3,1.8,0.7,0.2
101,11.1526,2.3,1.5,2.2,2.7,2.2,1.6,2.0,2.5,2.2,2.4,2.6,2.2,1.7,-0.2,1.1,3.1,-0.9,2.3,0.2,0.4,0.3,1.8,0.7
102,6.521,1.8,2.3,1.5,2.2,2.7,2.2,1.6,2.0,2.5,2.2,2.4,2.6,2.2,1.7,-0.2,1.1,3.1,-0.9,2.3,0.2,0.4,0.3,1.8
103,0.8737,1.8,1.8,2.3,1.5,2.2,2.7,2.2,1.6,2.0,2.5,2.2,2.4,2.6,2.2,1.7,-0.2,1.1,3.1,-0.9,2.3,0.2,0.4,0.3
104,16.1379,2.0,1.8,1.8,2.3,1.5,2.2,2.7,2.2,1.6,2.0,2.5,2.2,2.4,2.6,2.2,1.7,-0.2,1.1,3.1,-0.9,2.3,0.2,0.4
105,103.6128,0.1,2.0,1.8,1.8,2.3,1.5,2.2,2.7,2.2,1.6,2.0,2.5,2.2,2.4,2.6,2.2,1.7,-0.2,1.1,3.1,-0.9,2.3,0.2
106,4.0219,2.9,0.1,2.0,1.8,1.8,2.3,1.5,2.2,2.7,2.2,1.6,2.0,2.5,2.2,2.4,2.6,2.2,1.7,-0.2,1.1,3.1,-0.9,2.3
107,25.0445,0.2,2.9,0.1,2.0,1.8,1.8,2.3,1.5,2.2,2.7,2.2,1.6,2.0,2.5,2.2,2.4,2.6,2.2,1.7,-0.2,1.1,3.1,-0.9
108,124.4163,1.8,0.2,2.9,0.1,2.0,1.8,1.8,2.3,1.5,2.2,2.7,2.2,1.6,2.0,2.5,2.2,2.4,2.6,2.2,1.7,-0.2,1.1,3.1
109,174.1863,1.0,1.8,0.2,2.9,0.1,2.0,1.8,1.8,2.3,1.5,2.2,2.7,2.2,1.6,2.0,2.5,2.2,2.4,2.6,2.2,1.7,-0.2,1.1
110,117.5632,-0.1,1.0,1.8,0.2,2.9,0.1,2.0,1.8,1.8,2.3,1.5,2.2,2.7,2.2,1.6,2.0,2.5,2.2,2.4,2.6,2.2,1.7,-0.2
111,68.1829,0.3,-0.1,1.0,1.8,0.2,2.9,0.1,2.0,1.8,1.8,2.3,1.5,2.2,2.7,2.2,1.6,2.0,2.5,2.2,2.4,2.6,2.2,1.7
112,110.8823,0.4,0.3,-0.1,1.0,1.8,0.2,2.9,0.1,2.0,1.8,1.8,2.3,1.5,2.2,2.7,2.2,1.6,2.0,2.5,2.2,2.4,2.6,2.2
113,4.7854,-1.1,0.4,0.3,-0.1,1.0,1.8,0.2,2.9,0.1,2.0,1.8,1.8,2.3,1.5,2.2,2.7,2.2,1.6,2.0,2.5,2.2,2.4,2.6
114,0.4233,0.3,-1.1,0.4,0.3,-0.1,1.0,1.8,0.2,2.9,0.1,2.0,1.8,1.8,2.3,1.5,2.2,2.7,2.2,1.6,2.0,2.5,2.2,2.4
115,0.0422,0.4,0.3,-1.1,0.4,0.3,-0.1,1.0,1.8,0.2,2.9,0.1,2.0,1.8,1.8,2.3,1.5,2.2,2.7,2.2,1.6,2.0,2.5,2.2
116,55.7911,-0.8,0.4,0.3,-1.1,0.4,0.3,-0.1,1.0,1.8,0.2,2.9,0.1,2.0,1.8,1.8,2.3,1.5,2.2,2.7,2.2,1.6,2.0,2.5
117,114.8889,-1.5,-0.8,0.4,0.3,-1.1,0.4,0.3,-0.1,1.0,1.8,0.2,2.9,0.1,2.0,1.8,1.8,2.3,1.5,2.2,2.7,2.2,1.6,2.0
118,63.3778,0.1,-1.5,-0.8,0.4,0.3,-1.1,0.4,0.3,-0.1,1.0,1.8,0.2,2.9,0.1,2.0,1.8,1.8,2.3,1.5,2.2,2.7,2.2,1.6
119,147.785,-1.6,0.1,-1.5,-0.8,0.4,0.3,-1.1,0.4,0.3,-0.1,1.0,1.8,0.2,2.9,0.1,2.0,1.8,1.8,2.3,1.5,2.2,2.7,2.2
120,178.9221,-0.5,-1.6,0.1,-1.5,-0.8,0.4,0.3,-1.1,0.4,0.3,-0.1,1.0,1.8,0.2,2.9,0.1,2.0,1.8,1.8,2.3,1.5,2.2,2.7
121,332.1413,-3.1,-0.5,-1.6,0.1,-1.5,-0.8,0.4,0.3,-1.1,0.4,0.3,-0.1,1.0,1.8,0.2,2.9,0.1,2.0,1.8,1.8,2.3,1.5,2.2
122,201.5729,-0.8,-3.1,-0.5,-1.6,0.1,-1.5,-0.8,0.4,0.3,-1.1,0.4,0.3,-0.1,1.0,1.8,0.2,2.9,0.1,2.0,1.8,1.8,2.3,1.5
123,127.1508,0.4,-0.8,-3.1,-0.5,-1.6,0.1,-1.5,-0.8,0.4,0.3,-1.1,0.4,0.3,-0.1,1.0,1.8,0.2,2.9,0.1,2.0,1.8,1.8,2.3
124,38.7903,0.6,0.4,-0.8,-3.1,-0.5,-1.6,0.1,-1.5,-0.8,0.4,0.3,-1.1,0.4,0.3,-0.1,1.0,1.8,0.2,2.9,0.1,2.0,1.8,1.8
125,55.1463,-0.8,0.6,0.4,-0.8,-3.1,-0.5,-1.6,0.1,-1.5,-0.8,0.4,0.3,-1.1,0.4,0.3,-0.1,1.0,1.8,0.2,2.9,0.1,2.0,1.8
126,14.9303,0.5,-0.8,0.6,0.4,-0.8,-3.1,-0.5,-1.6,0.1,-1.5,-0.8,0.4,0.3,-1.1,0.4,0.3,-0.1,1.0,1.8,0.2,2.9,0.1,2.0
127,6.9738,0.7,0.5,-0.8,0.6,0.4,-0.8,-3.1,-0.5,-1.6,0.1,-1.5,-0.8,0.4,0.3,-1.1,0.4,0.3,-0.1,1.0,1.8,0.2,2.9,0.1
128,12.3918,1.5,0.7,0.5,-0.8,0.6,0.4,-0.8,-3.1,-0.5,-1.6,0.1,-1.5,-0.8,0.4,0.3,-1.1,0.4,0.3,-0.1,1.0,1.8,0.2,2.9
129,15.5196,-0.5,1.5,0.7,0.5,-0.8,0.6,0.4,-0.8,-3.1,-0.5,-1.6,0.1,-1.5,-0.8,0.4,0.3,-1.1,0.4,0.3,-0.1,1.0,1.8,0.2
130,32.2346,0.1,-0.5,1.5,0.7,0.5,-0.8,0.6,0.4,-0.8,-3.1,-0.5,-1.6,0.1,-1.5,-0.8,0.4,0.3,-1.1,0.4,0.3,-0.1,1.0,1.8
131,57.1901,-0.7,0.1,-0.5,1.5,0.7,0.5,-0.8,0.6,0.4,-0.8,-3.1,-0.5,-1.6,0.1,-1.5,-0.8,0.4,0.3,-1.1,0.4,0.3,-0.1,1.0
132,215.3394,-1.0,-0.7,0.1,-0.5,1.5,0.7,0.5,-0.8,0.6,0.4,-0.8,-3.1,-0.5,-1.6,0.1,-1.5,-0.8,0.4,0.3,-1.1,0.4,0.3,-0.1
133,183.842,-1.5,-1.0,-0.7,0.1,-0.5,1.5,0.7,0.5,-0.8,0.6,0.4,-0.8,-3.1,-0.5,-1.6,0.1,-1.5,-0.8,0.4,0.3,-1.1,0.4,0.3
134,36.8626,-2.3,-1.5,-1.0,-0.7,0.1,-0.5,1.5,0.7,0.5,-0.8,0.6,0.4,-0.8,-3.1,-0.5,-1.6,0.1,-1.5,-0.8,0.4,0.3,-1.1,0.4
135,23.033,2.1,-2.3,-1.5,-1.0,-0.7,0.1,-0.5,1.5,0.7,0.5,-0.8,0.6,0.4,-0.8,-3.1,-0.5,-1.6,0.1,-1.5,-0.8,0.4,0.3,-1.1
136,26.9644,0.7,2.1,-2.3,-1.5,-1.0,-0.7,0.1,-0.5,1.5,0.7,0.5,-0.8,0.6,0.4,-0.8,-3.1,-0.5,-1.6,0.1,-1.5,-0.8,0.4,0.3
137,3.0282,0.8,0.7,2.1,-2.3,-1.5,-1.0,-0.7,0.1,-0.5,1.5,0.7,0.5,-0.8,0.6,0.4,-0.8,-3.1,-0.5,-1.6,0.1,-1.5,-0.8,0.4
138,0.4958,-0.2,0.8,0.7,2.1,-2.3,-1.5,-1.0,-0.7,0.1,-0.5,1.5,0.7,0.5,-0.8,0.6,0.4,-0.8,-3.1,-0.5,-1.6,0.1,-1.5,-0.8
139,4.8491,-0.4,-0.2,0.8,0.7,2.1,-2.3,-1.5,-1.0,-0.7,0.1,-0.5,1.5,0.7,0.5,-0.8,0.6,0.4,-0.8,-3.1,-0.5,-1.6,0.1,-1.5
140,52.273,-0.2,-0.4,-0.2,0.8,0.7,2.1,-2.3,-1.5,-1.0,-0.7,0.1,-0.5,1.5,0.7,0.5,-0.8,0.6,0.4,-0.8,-3.1,-0.5,-1.6,0.1
141,3.1676,0.0,-0.2,-0.4,-0.2,0.8,0.7,2.1,-2.3,-1.5,-1.0,-0.7,0.1,-0.5,1.5,0.7,0.5,-0.8,0.6,0.4,-0.8,-3.1,-0.5,-1.6
142,0.1946,0.8,0.0,-0.2,-0.4,-0.2,0.8,0.7,2.1,-2.3,-1.5,-1.0,-0.7,0.1,-0.5,1.5,0.7,0.5,-0.8,0.6,0.4,-0.8,-3.1,-0.5
143,54.7547,1.5,0.8,0.0,-0.2,-0.4,-0.2,0.8,0.7,2.1,-2.3,-1.5,-1.0,-0.7,0.1,-0.5,1.5,0.7,0.5,-0.8,0.6,0.4,-0.8,-3.1
144,168.2313,1.5,1.5,0.8,0.0,-0.2,-0.4,-0.2,0.8,0.7,2.1,-2.3,-1.5,-1.0,-0.7,0.1,-0.5,1.5,0.7,0.5,-0.8,0.6,0.4,-0.8
145,199.1817,0.2,1.5,1.5,0.8,0.0,-0.2,-0.4,-0.2,0.8,0.7,2.1,-2.3,-1.5,-1.0,-0.7,0.1,-0.5,1.5,0.7,0.5,-0.8,0.6,0.4
146,137.1286,0.2,0.2,1.5,1.5,0.8,0.0,-0.2,-0.4,-0.2,0.8,0.7,2.1,-2.3,-1.5,-1.0,-0.7,0.1,-0.5,1.5,0.7,0.5,-0.8,0.6
147,53.0458,1.7,0.2,0.2,1.5,1.5,0.8,0.0,-0.2,-0.4,-0.2,0.8,0.7,2.1,-2.3,-1.5,-1.0,-0.7,0.1,-0.5,1.5,0.7,0.5,-0.8
148,49.2449,1.3,1.7,0.2,0.2,1.5,1.5,0.8,0.0,-0.2,-0.4,-0.2,0.8,0.7,2.1,-2.3,-1.5,-1.0,-0.7,0.1,-0.5,1.5,0.7,0.5
149,1.254,0.9,1.3,1.7,0.2,0.2,1.5,1.5,0.8,0.0,-0.2,-0.4,-0.2,0.8,0.7,2.1,-2.3,-1.5,-1.0,-0.7,0.1,-0.5,1.5,0.7
150,3.8432,0.2,0.9,1.3,1.7,0.2,0.2,1.5,1.5,0.8,0.0,-0.2,-0.4,-0.2,0.8,0.7,2.1,-2.3,-1.5,-1.0,-0.7,0.1,-0.5,1.5
151,0.4202,0.8,0.2,0.9,1.3,1.7,0.2,0.2,1.5,1.5,0.8,0.0,-0.2,-0.4,-0.2,0.8,0.7,2.1,-2.3,-1.5,-1.0,-0.7,0.1,-0.5
152,4.2425,1.3,0.8,0.2,0.9,1.3,1.7,0.2,0.2,1.5,1.5,0.8,0.0,-0.2,-0.4,-0.2,0.8,0.7,2.1,-2.3,-1.5,-1.0,-0.7,0.1
153,18.4236,1.1,1.3,0.8,0.2,0.9,1.3,1.7,0.2,0.2,1.5,1.5,0.8,0.0,-0.2,-0.4,-0.2,0.8,0.7,2.1,-2.3,-1.5,-1.0,-0.7
154,179.8788,0.2,1.1,1.3,0.8,0.2,0.9,1.3,1.7,0.2,0.2,1.5,1.5,0.8,0.0,-0.2,-0.4,-0.2,0.8,0.7,2.1,-2.3,-1.5,-1.0
155,100.6896,0.9,0.2,1.1,1.3,0.8,0.2,0.9,1.3,1.7,0.2,0.2,1.5,1.5,0.8,0.0,-0.2,-0.4,-0.2,0.8,0.7,2.1,-2.3,-1.5
156,89.0982,1.3,0.9,0.2,1.1,1.3,0.8,0.2,0.9,1.3,1.7,0.2,0.2,1.5,1.5,0.8,0.0,-0.2,-0.4,-0.2,0.8,0.7,2.1,-2.3
157,104.6689,-0.4,1.3,0.9,0.2,1.1,1.3,0.8,0.2,0.9,1.3,1.7,0.2,0.2,1.5,1.5,0.8,0.0,-0.2,-0.4,-0.2,0.8,0.7,2.1
158,125.7255,1.5,-0.4,1.3,0.9,0.2,1.1,1.3,0.8,0.2,0.9,1.3,1.7,0.2,0.2,1.5,1.5,0.8,0.0,-0.2,-0.4,-0.2,0.8,0.7
159,42.6573,-3.0,1.5,-0.4,1.3,0.9,0.2,1.1,1.3,0.8,0.2,0.9,1.3,1.7,0.2,0.2,1.5,1.5,0.8,0.0,-0.2,-0.4,-0.2,0.8
160,43.6318,1.3,-3.0,1.5,-0.4,1.3,0.9,0.2,1.1,1.3,0.8,0.2,0.9,1.3,1.7,0.2,0.2,1.5,1.5,0.8,0.0,-0.2,-0.4,-0.2
161,15.1526,0.5,1.3,-3.0,1.5,-0.4,1.3,0.9,0.2,1.1,1.3,0.8,0.2,0.9,1.3,1.7,0.2,0.2,1.5,1.5,0.8,0.0,-0.2,-0.4
162,1.5269,0.2,0.5,1.3,-3.0,1.5,-0.4,1.3,0.9,0.2,1.1,1.3,0.8,0.2,0.9,1.3,1.7,0.2,0.2,1.5,1.5,0.8,0.0,-0.2
163,10.3441,0.4,0.2,0.5,1.3,-3.0,1.5,-0.4,1.3,0.9,0.2,1.1,1.3,0.8,0.2,0.9,1.3,1.7,0.2,0.2,1.5,1.5,0.8,0.0
164,10.5282,0.2,0.4,0.2,0.5,1.3,-3.0,1.5,-0.4,1.3,0.9,0.2,1.1,1.3,0.8,0.2,0.9,1.3,1.7,0.2,0.2,1.5,1.5,0.8
165,25.2844,0.1,0.2,0.4,0.2,0.5,1.3,-3.0,1.5,-0.4,1.3,0.9,0.2,1.1,1.3,0.8,0.2,0.9,1.3,1.7,0.2,0.2,1.5,1.5
166,115.2952,-0.5,0.1,0.2,0.4,0.2,0.5,1.3,-3.0,1.5,-0.4,1.3,0.9,0.2,1.1,1.3,0.8,0.2,0.9,1.3,1.7,0.2,0.2,1.5
167,108.2812,0.9,-0.5,0.1,0.2,0.4,0.2,0.5,1.3,-3.0,1.5,-0.4,1.3,0.9,0.2,1.1,1.3,0.8,0.2,0.9,1.3,1.7,0.2,0.2
168,62.6721,2.5,0.9,-0.5,0.1,0.2,0.4,0.2,0.5,1.3,-3.0,1.5,-0.4,1.3,0.9,0.2,1.1,1.3,0.8,0.2,0.9,1.3,1.7,0.2
169,283.3828,3.3,2.5,0.9,-0.5,0.1,0.2,0.4,0.2,0.5,1.3,-3.0,1.5,-0.4,1.3,0.9,0.2,1.1,1.3,0.8,0.2,0.9,1.3,1.7
170,116.9953,-0.5,3.3,2.5,0.9,-0.5,0.1,0.2,0.4,0.2,0.5,1.3,-3.0,1.5,-0.4,1.3,0.9,0.2,1.1,1.3,0.8,0.2,0.9,1.3
171,22.2205,0.2,-0.5,3.3,2.5,0.9,-0.5,0.1,0.2,0.4,0.2,0.5,1.3,-3.0,1.5,-0.4,1.3,0.9,0.2,1.1,1.3,0.8,0.2,0.9
172,33.7673,0.3,0.2,-0.5,3.3,2.5,0.9,-0.5,0.1,0.2,0.4,0.2,0.5,1.3,-3.0,1.5,-0.4,1.3,0.9,0.2,1.1,1.3,0.8,0.2
173,5.6319,1.8,0.3,0.2,-0.5,3.3,2.5,0.9,-0.5,0.1,0.2,0.4,0.2,0.5,1.3,-3.0,1.5,-0.4,1.3,0.9,0.2,1.1,1.3,0.8
174,1.7144,1.2,1.8,0.3,0.2,-0.5,3.3,2.5,0.9,-0.5,0.1,0.2,0.4,0.2,0.5,1.3,-3.0,1.5,-0.4,1.3,0.9,0.2,1.1,1.3
175,8.7523,0.1,1.2,1.8,0.3,0.2,-0.5,3.3,2.5,0.9,-0.5,0.1,0.2,0.4,0.2,0.5,1.3,-3.0,1.5,-0.4,1.3,0.9,0.2,1.1
176,8.8369,1.0,0.1,1.2,1.8,0.3,0.2,-0.5,3.3,2.5,0.9,-0.5,0.1,0.2,0.4,0.2,0.5,1.3,-3.0,1.5,-0.4,1.3,0.9,0.2
177,243.622,0.7,1.0,0.1,1.2,1.8,0.3,0.2,-0.5,3.3,2.5,0.9,-0.5,0.1,0.2,0.4,0.2,0.5,1.3,-3.0,1.5,-0.4,1.3,0.9
178,58.4379,1.6,0.7,1.0,0.1,1.2,1.8,0.3,0.2,-0.5,3.3,2.5,0.9,-0.5,0.1,0.2,0.4,0.2,0.5,1.3,-3.0,1.5,-0.4,1.3
179,111.1137,0.5,1.6,0.7,1.0,0.1,1.2,1.8,0.3,0.2,-0.5,3.3,2.5,0.9,-0.5,0.1,0.2,0.4,0.2,0.5,1.3,-3.0,1.5,-0.4
180,116.9139,0.3,0.5,1.6,0.7,1.0,0.1,1.2,1.8,0.3,0.2,-0.5,3.3,2.5,0.9,-0.5,0.1,0.2,0.4,0.2,0.5,1.3,-3.0,1.5
181,120.098,1.7,0.3,0.5,1.6,0.7,1.0,0.1,1.2,1.8,0.3,0.2,-0.5,3.3,2.5,0.9,-0.5,0.1,0.2,0.4,0.2,0.5,1.3,-3.0
182,141.0507,0.9,1.7,0.3,0.5,1.6,0.7,1.0,0.1,1.2,1.8,0.3,0.2,-0.5,3.3,2.5,0.9,-0.5,0.1,0.2,0.4,0.2,0.5,1.3
183,195.0545,1.9,0.9,1.7,0.3,0.5,1.6,0.7,1.0,0.1,1.2,1.8,0.3,0.2,-0.5,3.3,2.5,0.9,-0.5,0.1,0.2,0.4,0.2,0.5
184,53.9104,1.3,1.9,0.9,1.7,0.3,0.5,1.6,0.7,1.0,0.1,1.2,1.8,0.3,0.2,-0.5,3.3,2.5,0.9,-0.5,0.1,0.2,0.4,0.2
185,19.3993,0.6,1.3,1.9,0.9,1.7,0.3,0.5,1.6,0.7,1.0,0.1,1.2,1.8,0.3,0.2,-0.5,3.3,2.5,0.9,-0.5,0.1,0.2,0.4
186,0.4623,-0.8,0.6,1.3,1.9,0.9,1.7,0.3,0.5,1.6,0.7,1.0,0.1,1.2,1.8,0.3,0.2,-0.5,3.3,2.5,0.9,-0.5,0.1,0.2
187,1.9299,-0.2,-0.8,0.6,1.3,1.9,0.9,1.7,0.3,0.5,1.6,0.7,1.0,0.1,1.2,1.8,0.3,0.2,-0.5,3.3,2.5,0.9,-0.5,0.1
188,14.5204,0.0,-0.2,-0.8,0.6,1.3,1.9,0.9,1.7,0.3,0.5,1.6,0.7,1.0,0.1,1.2,1.8,0.3,0.2,-0.5,3.3,2.5,0.9,-0.5
189,69.1141,-1.0,0.0,-0.2,-0.8,0.6,1.3,1.9,0.9,1.7,0.3,0.5,1.6,0.7,1.0,0.1,1.2,1.8,0.3,0.2,-0.5,3.3,2.5,0.9
190,193.6575,-2.0,-1.0,0.0,-0.2,-0.8,0.6,1.3,1.9,0.9,1.7,0.3,0.5,1.6,0.7,1.0,0.1,1.2,1.8,0.3,0.2,-0.5,3.3,2.5
191,26.3993,-1.4,-2.0,-1.0,0.0,-0.2,-0.8,0.6,1.3,1.9,0.9,1.7,0.3,0.5,1.6,0.7,1.0,0.1,1.2,1.8,0.3,0.2,-0.5,3.3
192,146.6358,-2.0,-1.4,-2.0,-1.0,0.0,-0.2,-0.8,0.6,1.3,1.9,0.9,1.7,0.3,0.5,1.6,0.7,1.0,0.1,1.2,1.8,0.3,0.2,-0.5
193,10.0885,-0.6,-2.0,-1.4,-2.0,-1.0,0.0,-0.2,-0.8,0.6,1.3,1.9,0.9,1.7,0.3,0.5,1.6,0.7,1.0,0.1,1.2,1.8,0.3,0.2
194,61.8717,0.1,-0.6,-2.0,-1.4,-2.0,-1.0,0.0,-0.2,-0.8,0.6,1.3,1.9,0.9,1.7,0.3,0.5,1.6,0.7,1.0,0.1,1.2,1.8,0.3
195,20.9003,1.9,0.1,-0.6,-2.0,-1.4,-2.0,-1.0,0.0,-0.2,-0.8,0.6,1.3,1.9,0.9,1.7,0.3,0.5,1.6,0.7,1.0,0.1,1.2,1.8
196,47.5555,1.8,1.9,0.1,-0.6,-2.0,-1.4,-2.0,-1.0,0.0,-0.2,-0.8,0.6,1.3,1.9,0.9,1.7,0.3,0.5,1.6,0.7,1.0,0.1,1.2
197,39.0814,0.4,1.8,1.9,0.1,-0.6,-2.0,-1.4,-2.0,-1.0,0.0,-0.2,-0.8,0.6,1.3,1.9,0.9,1.7,0.3,0.5,1.6,0.7,1.0,0.1
198,2.2422,1.2,0.4,1.8,1.9,0.1,-0.6,-2.0,-1.4,-2.0,-1.0,0.0,-0.2,-0.8,0.6,1.3,1.9,0.9,1.7,0.3,0.5,1.6,0.7,1.0
199,2.3,0.9,1.2,0.4,1.8,1.9,0.1,-0.6,-2.0,-1.4,-2.0,-1.0,0.0,-0.2,-0.8,0.6,1.3,1.9,0.9,1.7,0.3,0.5,1.6,0.7
200,7.7957,2.5,0.9,1.2,0.4,1.8,1.9,0.1,-0.6,-2.0,-1.4,-2.0,-1.0,0.0,-0.2,-0.8,0.6,1.3,1.9,0.9,1.7,0.3,0.5,1.6
201,38.6652,2.1,2.5,0.9,1.2,0.4,1.8,1.9,0.1,-0.6,-2.0,-1.4,-2.0,-1.0,0.0,-0.2,-0.8,0.6,1.3,1.9,0.9,1.7,0.3,0.5
202,167.4976,2.2,2.1,2.5,0.9,1.2,0.4,1.8,1.9,0.1,-0.6,-2.0,-1.4,-2.0,-1.0,0.0,-0.2,-0.8,0.6,1.3,1.9,0.9,1.7,0.3
203,382.9206,0.3,2.2,2.1,2.5,0.9,1.2,0.4,1.8,1.9,0.1,-0.6,-2.0,-1.4,-2.0,-1.0,0.0,-0.2,-0.8,0.6,1.3,1.9,0.9,1.7
204,191.6556,-0.5,0.3,2.2,2.1,2.5,0.9,1.2,0.4,1.8,1.9,0.1,-0.6,-2.0,-1.4,-2.0,-1.0,0.0,-0.2,-0.8,0.6,1.3,1.9,0.9
205,29.3474,-0.7,-0.5,0.3,2.2,2.1,2.5,0.9,1.2,0.4,1.8,1.9,0.1,-0.6,-2.0,-1.4,-2.0,-1.0,0.0,-0.2,-0.8,0.6,1.3,1.9
206,47.4176,0.7,-0.7,-0.5,0.3,2.2,2.1,2.5,0.9,1.2,0.4,1.8,1.9,0.1,-0.6,-2.0,-1.4,-2.0,-1.0,0.0,-0.2,-0.8,0.6,1.3
207,142.5532,1.2,0.7,-0.7,-0.5,0.3,2.2,2.1,2.5,0.9,1.2,0.4,1.8,1.9,0.1,-0.6,-2.0,-1.4,-2.0,-1.0,0.0,-0.2,-0.8,0.6
208,10.713,-0.9,1.2,0.7,-0.7,-0.5,0.3,2.2,2.1,2.5,0.9,1.2,0.4,1.8,1.9,0.1,-0.6,-2.0,-1.4,-2.0,-1.0,0.0,-0.2,-0.8
209,19.2298,0.3,-0.9,1.2,0.7,-0.7,-0.5,0.3,2.2,2.1,2.5,0.9,1.2,0.4,1.8,1.9,0.1,-0.6,-2.0,-1.4,-2.0,-1.0,0.0,-0.2
210,3.3139999999999996,-0.9,0.3,-0.9,1.2,0.7,-0.7,-0.5,0.3,2.2,2.1,2.5,0.9,1.2,0.4,1.8,1.9,0.1,-0.6,-2.0,-1.4,-2.0,-1.0,0.0
211,26.0916,-3.0,-0.9,0.3,-0.9,1.2,0.7,-0.7,-0.5,0.3,2.2,2.1,2.5,0.9,1.2,0.4,1.8,1.9,0.1,-0.6,-2.0,-1.4,-2.0,-1.0
212,3.7632,-1.1,-3.0,-0.9,0.3,-0.9,1.2,0.7,-0.7,-0.5,0.3,2.2,2.1,2.5,0.9,1.2,0.4,1.8,1.9,0.1,-0.6,-2.0,-1.4,-2.0
213,4.4204,-2.2,-1.1,-3.0,-0.9,0.3,-0.9,1.2,0.7,-0.7,-0.5,0.3,2.2,2.1,2.5,0.9,1.2,0.4,1.8,1.9,0.1,-0.6,-2.0,-1.4
214,212.6449,-1.5,-2.2,-1.1,-3.0,-0.9,0.3,-0.9,1.2,0.7,-0.7,-0.5,0.3,2.2,2.1,2.5,0.9,1.2,0.4,1.8,1.9,0.1,-0.6,-2.0
215,107.2928,-2.4,-1.5,-2.2,-1.1,-3.0,-0.9,0.3,-0.9,1.2,0.7,-0.7,-0.5,0.3,2.2,2.1,2.5,0.9,1.2,0.4,1.8,1.9,0.1,-0.6
216,117.5726,0.3,-2.4,-1.5,-2.2,-1.1,-3.0,-0.9,0.3,-0.9,1.2,0.7,-0.7,-0.5,0.3,2.2,2.1,2.5,0.9,1.2,0.4,1.8,1.9,0.1
217,83.315,-2.2,0.3,-2.4,-1.5,-2.2,-1.1,-3.0,-0.9,0.3,-0.9,1.2,0.7,-0.7,-0.5,0.3,2.2,2.1,2.5,0.9,1.2,0.4,1.8,1.9
218,47.9408,-0.4,-2.2,0.3,-2.4,-1.5,-2.2,-1.1,-3.0,-0.9,0.3,-0.9,1.2,0.7,-0.7,-0.5,0.3,2.2,2.1,2.5,0.9,1.2,0.4,1.8
219,38.3305,-1.5,-0.4,-2.2,0.3,-2.4,-1.5,-2.2,-1.1,-3.0,-0.9,0.3,-0.9,1.2,0.7,-0.7,-0.5,0.3,2.2,2.1,2.5,0.9,1.2,0.4
220,11.2188,-0.3,-1.5,-0.4,-2.2,0.3,-2.4,-1.5,-2.2,-1.1,-3.0,-0.9,0.3,-0.9,1.2,0.7,-0.7,-0.5,0.3,2.2,2.1,2.5,0.9,1.2
221,4.3675,-0.7,-0.3,-1.5,-0.4,-2.2,0.3,-2.4,-1.5,-2.2,-1.1,-3.0,-0.9,0.3,-0.9,1.2,0.7,-0.7,-0.5,0.3,2.2,2.1,2.5,0.9
222,2.7584,0.5,-0.7,-0.3,-1.5,-0.4,-2.2,0.3,-2.4,-1.5,-2.2,-1.1,-3.0,-0.9,0.3,-0.9,1.2,0.7,-0.7,-0.5,0.3,2.2,2.1,2.5
223,3.1271,0.1,0.5,-0.7,-0.3,-1.5,-0.4,-2.2,0.3,-2.4,-1.5,-2.2,-1.1,-3.0,-0.9,0.3,-0.9,1.2,0.7,-0.7,-0.5,0.3,2.2,2.1
224,6.5874,1.1,0.1,0.5,-0.7,-0.3,-1.5,-0.4,-2.2,0.3,-2.4,-1.5,-2.2,-1.1,-3.0,-0.9,0.3,-0.9,1.2,0.7,-0.7,-0.5,0.3,2.2
225,0.7240000000000001,-0.4,1.1,0.1,0.5,-0.7,-0.3,-1.5,-0.4,-2.2,0.3,-2.4,-1.5,-2.2,-1.1,-3.0,-0.9,0.3,-0.9,1.2,0.7,-0.7,-0.5,0.3
226,244.6609,-0.2,-0.4,1.1,0.1,0.5,-0.7,-0.3,-1.5,-0.4,-2.2,0.3,-2.4,-1.5,-2.2,-1.1,-3.0,-0.9,0.3,-0.9,1.2,0.7,-0.7,-0.5
227,165.9384,-0.0,-0.2,-0.4,1.1,0.1,0.5,-0.7,-0.3,-1.5,-0.4,-2.2,0.3,-2.4,-1.5,-2.2,-1.1,-3.0,-0.9,0.3,-0.9,1.2,0.7,-0.7
228,287.9495,-0.6,-0.0,-0.2,-0.4,1.1,0.1,0.5,-0.7,-0.3,-1.5,-0.4,-2.2,0.3,-2.4,-1.5,-2.2,-1.1,-3.0,-0.9,0.3,-0.9,1.2,0.7
229,15.8676,2.8,-0.6,-0.0,-0.2,-0.4,1.1,0.1,0.5,-0.7,-0.3,-1.5,-0.4,-2.2,0.3,-2.4,-1.5,-2.2,-1.1,-3.0,-0.9,0.3,-0.9,1.2
230,179.4151,2.8,2.8,-0.6,-0.0,-0.2,-0.4,1.1,0.1,0.5,-0.7,-0.3,-1.5,-0.4,-2.2,0.3,-2.4,-1.5,-2.2,-1.1,-3.0,-0.9,0.3,-0.9
231,158.523,2.0,2.8,2.8,-0.6,-0.0,-0.2,-0.4,1.1,0.1,0.5,-0.7,-0.3,-1.5,-0.4,-2.2,0.3,-2.4,-1.5,-2.2,-1.1,-3.0,-0.9,0.3
232,28.5825,-0.1,2.0,2.8,2.8,-0.6,-0.0,-0.2,-0.4,1.1,0.1,0.5,-0.7,-0.3,-1.5,-0.4,-2.2,0.3,-2.4,-1.5,-2.2,-1.1,-3.0,-0.9
233,45.56100000000001,-0.0,-0.1,2.0,2.8,2.8,-0.6,-0.0,-0.2,-0.4,1.1,0.1,0.5,-0.7,-0.3,-1.5,-0.4,-2.2,0.3,-2.4,-1.5,-2.2,-1.1,-3.0
234,2.6786,1.1,-0.0,-0.1,2.0,2.8,2.8,-0.6,-0.0,-0.2,-0.4,1.1,0.1,0.5,-0.7,-0.3,-1.5,-0.4,-2.2,0.3,-2.4,-1.5,-2.2,-1.1
235,2.9276,0.3,1.1,-0.0,-0.1,2.0,2.8,2.8,-0.6,-0.0,-0.2,-0.4,1.1,0.1,0.5,-0.7,-0.3,-1.5,-0.4,-2.2,0.3,-2.4,-1.5,-2.2
236,5.8679,1.2,0.3,1.1,-0.0,-0.1,2.0,2.8,2.8,-0.6,-0.0,-0.2,-0.4,1.1,0.1,0.5,-0.7,-0.3,-1.5,-0.4,-2.2,0.3,-2.4,-1.5
237,34.1749,0.8,1.2,0.3,1.1,-0.0,-0.1,2.0,2.8,2.8,-0.6,-0.0,-0.2,-0.4,1.1,0.1,0.5,-0.7,-0.3,-1.5,-0.4,-2.2,0.3,-2.4
238,76.4588,0.1,0.8,1.2,0.3,1.1,-0.0,-0.1,2.0,2.8,2.8,-0.6,-0.0,-0.2,-0.4,1.1,0.1,0.5,-0.7,-0.3,-1.5,-0.4,-2.2,0.3
239,106.8254,-0.7,0.1,0.8,1.2,0.3,1.1,-0.0,-0.1,2.0,2.8,2.8,-0.6,-0.0,-0.2,-0.4,1.1,0.1,0.5,-0.7,-0.3,-1.5,-0.4,-2.2
240,201.666,-0.9,-0.7,0.1,0.8,1.2,0.3,1.1,-0.0,-0.1,2.0,2.8,2.8,-0.6,-0.0,-0.2,-0.4,1.1,0.1,0.5,-0.7,-0.3,-1.5,-0.4
241,135.8877,0.9,-0.9,-0.7,0.1,0.8,1.2,0.3,1.1,-0.0,-0.1,2.0,2.8,2.8,-0.6,-0.0,-0.2,-0.4,1.1,0.1,0.5,-0.7,-0.3,-1.5
242,85.9584,2.1,0.9,-0.9,-0.7,0.1,0.8,1.2,0.3,1.1,-0.0,-0.1,2.0,2.8,2.8,-0.6,-0.0,-0.2,-0.4,1.1,0.1,0.5,-0.7,-0.3
243,11.0255,0.2,2.1,0.9,-0.9,-0.7,0.1,0.8,1.2,0.3,1.1,-0.0,-0.1,2.0,2.8,2.8,-0.6,-0.0,-0.2,-0.4,1.1,0.1,0.5,-0.7
244,32.4075,0.0,0.2,2.1,0.9,-0.9,-0.7,0.1,0.8,1.2,0.3,1.1,-0.0,-0.1,2.0,2.8,2.8,-0.6,-0.0,-0.2,-0.4,1.1,0.1,0.5
245,12.6154,2.1,0.0,0.2,2.1,0.9,-0.9,-0.7,0.1,0.8,1.2,0.3,1.1,-0.0,-0.1,2.0,2.8,2.8,-0.6,-0.0,-0.2,-0.4,1.1,0.1
246,1.1117,1.8,2.1,0.0,0.2,2.1,0.9,-0.9,-0.7,0.1,0.8,1.2,0.3,1.1,-0.0,-0.1,2.0,2.8,2.8,-0.6,-0.0,-0.2,-0.4,1.1
247,25.018,1.1,1.8,2.1,0.0,0.2,2.1,0.9,-0.9,-0.7,0.1,0.8,1.2,0.3,1.1,-0.0,-0.1,2.0,2.8,2.8,-0.6,-0.0,-0.2,-0.4
248,2.1286,0.4,1.1,1.8,2.1,0.0,0.2,2.1,0.9,-0.9,-0.7,0.1,0.8,1.2,0.3,1.1,-0.0,-0.1,2.0,2.8,2.8,-0.6,-0.0,-0.2
249,59.6297,-0.4,0.4,1.1,1.8,2.1,0.0,0.2,2.1,0.9,-0.9,-0.7,0.1,0.8,1.2,0.3,1.1,-0.0,-0.1,2.0,2.8,2.8,-0.6,-0.0
250,121.2248,-0.1,-0.4,0.4,1.1,1.8,2.1,0.0,0.2,2.1,0.9,-0.9,-0.7,0.1,0.8,1.2,0.3,1.1,-0.0,-0.1,2.0,2.8,2.8,-0.6
251,222.1583,-0.6,-0.1,-0.4,0.4,1.1,1.8,2.1,0.0,0.2,2.1,0.9,-0.9,-0.7,0.1,0.8,1.2,0.3,1.1,-0.0,-0.1,2.0,2.8,2.8
252,369.5695,0.3,-0.6,-0.1,-0.4,0.4,1.1,1.8,2.1,0.0,0.2,2.1,0.9,-0.9,-0.7,0.1,0.8,1.2,0.3,1.1,-0.0,-0.1,2.0,2.8
253,236.595,-2.4,0.3,-0.6,-0.1,-0.4,0.4,1.1,1.8,2.1,0.0,0.2,2.1,0.9,-0.9,-0.7,0.1,0.8,1.2,0.3,1.1,-0.0,-0.1,2.0
254,48.2044,-0.9,-2.4,0.3,-0.6,-0.1,-0.4,0.4,1.1,1.8,2.1,0.0,0.2,2.1,0.9,-0.9,-0.7,0.1,0.8,1.2,0.3,1.1,-0.0,-0.1
255,68.419,0.7,-0.9,-2.4,0.3,-0.6,-0.1,-0.4,0.4,1.1,1.8,2.1,0.0,0.2,2.1,0.9,-0.9,-0.7,0.1,0.8,1.2,0.3,1.1,-0.0
256,6.6148,-0.6,0.7,-0.9,-2.4,0.3,-0.6,-0.1,-0.4,0.4,1.1,1.8,2.1,0.0,0.2,2.1,0.9,-0.9,-0.7,0.1,0.8,1.2,0.3,1.1
257,29.2619,-0.4,-0.6,0.7,-0.9,-2.4,0.3,-0.6,-0.1,-0.4,0.4,1.1,1.8,2.1,0.0,0.2,2.1,0.9,-0.9,-0.7,0.1,0.8,1.2,0.3
258,2.2716,0.3,-0.4,-0.6,0.7,-0.9,-2.4,0.3,-0.6,-0.1,-0.4,0.4,1.1,1.8,2.1,0.0,0.2,2.1,0.9,-0.9,-0.7,0.1,0.8,1.2
259,0.0184,-0.8,0.3,-0.4,-0.6,0.7,-0.9,-2.4,0.3,-0.6,-0.1,-0.4,0.4,1.1,1.8,2.1,0.0,0.2,2.1,0.9,-0.9,-0.7,0.1,0.8
260,1.3792,-0.2,-0.8,0.3,-0.4,-0.6,0.7,-0.9,-2.4,0.3,-0.6,-0.1,-0.4,0.4,1.1,1.8,2.1,0.0,0.2,2.1,0.9,-0.9,-0.7,0.1
261,62.9626,-1.6,-0.2,-0.8,0.3,-0.4,-0.6,0.7,-0.9,-2.4,0.3,-0.6,-0.1,-0.4,0.4,1.1,1.8,2.1,0.0,0.2,2.1,0.9,-0.9,-0.7
262,48.7397,-1.5,-1.6,-0.2,-0.8,0.3,-0.4,-0.6,0.7,-0.9,-2.4,0.3,-0.6,-0.1,-0.4,0.4,1.1,1.8,2.1,0.0,0.2,2.1,0.9,-0.9
263,292.0775,-0.1,-1.5,-1.6,-0.2,-0.8,0.3,-0.4,-0.6,0.7,-0.9,-2.4,0.3,-0.6,-0.1,-0.4,0.4,1.1,1.8,2.1,0.0,0.2,2.1,0.9
264,414.327,0.7,-0.1,-1.5,-1.6,-0.2,-0.8,0.3,-0.4,-0.6,0.7,-0.9,-2.4,0.3,-0.6,-0.1,-0.4,0.4,1.1,1.8,2.1,0.0,0.2,2.1
265,73.2124,-1.9,0.7,-0.1,-1.5,-1.6,-0.2,-0.8,0.3,-0.4,-0.6,0.7,-0.9,-2.4,0.3,-0.6,-0.1,-0.4,0.4,1.1,1.8,2.1,0.0,0.2
266,82.3493,-1.7,-1.9,0.7,-0.1,-1.5,-1.6,-0.2,-0.8,0.3,-0.4,-0.6,0.7,-0.9,-2.4,0.3,-0.6,-0.1,-0.4,0.4,1.1,1.8,2.1,0.0
267,25.7571,1.0,-1.7,-1.9,0.7,-0.1,-1.5,-1.6,-0.2,-0.8,0.3,-0.4,-0.6,0.7,-0.9,-2.4,0.3,-0.6,-0.1,-0.4,0.4,1.1,1.8,2.1
268,10.633,-0.1,1.0,-1.7,-1.9,0.7,-0.1,-1.5,-1.6,-0.2,-0.8,0.3,-0.4,-0.6,0.7,-0.9,-2.4,0.3,-0.6,-0.1,-0.4,0.4,1.1,1.8
269,39.0821,0.6,-0.1,1.0,-1.7,-1.9,0.7,-0.1,-1.5,-1.6,-0.2,-0.8,0.3,-0.4,-0.6,0.7,-0.9,-2.4,0.3,-0.6,-0.1,-0.4,0.4,1.1
270,0.3262,1.6,0.6,-0.1,1.0,-1.7,-1.9,0.7,-0.1,-1.5,-1.6,-0.2,-0.8,0.3,-0.4,-0.6,0.7,-0.9,-2.4,0.3,-0.6,-0.1,-0.4,0.4
271,0.3786,-0.6,1.6,0.6,-0.1,1.0,-1.7,-1.9,0.7,-0.1,-1.5,-1.6,-0.2,-0.8,0.3,-0.4,-0.6,0.7,-0.9,-2.4,0.3,-0.6,-0.1,-0.4
272,1.9369999999999998,1.0,-0.6,1.6,0.6,-0.1,1.0,-1.7,-1.9,0.7,-0.1,-1.5,-1.6,-0.2,-0.8,0.3,-0.4,-0.6,0.7,-0.9,-2.4,0.3,-0.6,-0.1
273,54.457,1.9,1.0,-0.6,1.6,0.6,-0.1,1.0,-1.7,-1.9,0.7,-0.1,-1.5,-1.6,-0.2,-0.8,0.3,-0.4,-0.6,0.7,-0.9,-2.4,0.3,-0.6
274,278.4398,1.7,1.9,1.0,-0.6,1.6,0.6,-0.1,1.0,-1.7,-1.9,0.7,-0.1,-1.5,-1.6,-0.2,-0.8,0.3,-0.4,-0.6,0.7,-0.9,-2.4,0.3
275,235.2442,2.6,1.7,1.9,1.0,-0.6,1.6,0.6,-0.1,1.0,-1.7,-1.9,0.7,-0.1,-1.5,-1.6,-0.2,-0.8,0.3,-0.4,-0.6,0.7,-0.9,-2.4
276,98.8909,3.2,2.6,1.7,1.9,1.0,-0.6,1.6,0.6,-0.1,1.0,-1.7,-1.9,0.7,-0.1,-1.5,-1.6,-0.2,-0.8,0.3,-0.4,-0.6,0.7,-0.9
277,14.4087,0.6,3.2,2.6,1.7,1.9,1.0,-0.6,1.6,0.6,-0.1,1.0,-1.7,-1.9,0.7,-0.1,-1.5,-1.6,-0.2,-0.8,0.3,-0.4,-0.6,0.7
278,160.5447,3.3,0.6,3.2,2.6,1.7,1.9,1.0,-0.6,1.6,0.6,-0.1,1.0,-1.7,-1.9,0.7,-0.1,-1.5,-1.6,-0.2,-0.8,0.3,-0.4,-0.6
279,41.872,3.8,3.3,0.6,3.2,2.6,1.7,1.9,1.0,-0.6,1.6,0.6,-0.1,1.0,-1.7,-1.9,0.7,-0.1,-1.5,-1.6,-0.2,-0.8,0.3,-0.4
280,65.6881,2.8,3.8,3.3,0.6,3.2,2.6,1.7,1.9,1.0,-0.6,1.6,0.6,-0.1,1.0,-1.7,-1.9,0.7,-0.1,-1.5,-1.6,-0.2,-0.8,0.3
281,30.7857,1.4,2.8,3.8,3.3,0.6,3.2,2.6,1.7,1.9,1.0,-0.6,1.6,0.6,-0.1,1.0,-1.7,-1.9,0.7,-0.1,-1.5,-1.6,-0.2,-0.8
282,3.8963,0.7,1.4,2.8,3.8,3.3,0.6,3.2,2.6,1.7,1.9,1.0,-0.6,1.6,0.6,-0.1,1.0,-1.7,-1.9,0.7,-0.1,-1.5,-1.6,-0.2
283,2.5651,0.4,0.7,1.4,2.8,3.8,3.3,0.6,3.2,2.6,1.7,1.9,1.0,-0.6,1.6,0.6,-0.1,1.0,-1.7,-1.9,0.7,-0.1,-1.5,-1.6
284,24.8316,2.5,0.4,0.7,1.4,2.8,3.8,3.3,0.6,3.2,2.6,1.7,1.9,1.0,-0.6,1.6,0.6,-0.1,1.0,-1.7,-1.9,0.7,-0.1,-1.5
285,15.8136,2.3,2.5,0.4,0.7,1.4,2.8,3.8,3.3,0.6,3.2,2.6,1.7,1.9,1.0,-0.6,1.6,0.6,-0.1,1.0,-1.7,-1.9,0.7,-0.1
286,84.03,2.8,2.3,2.5,0.4,0.7,1.4,2.8,3.8,3.3,0.6,3.2,2.6,1.7,1.9,1.0,-0.6,1.6,0.6,-0.1,1.0,-1.7,-1.9,0.7
287,166.8886,0.9,2.8,2.3,2.5,0.4,0.7,1.4,2.8,3.8,3.3,0.6,3.2,2.6,1.7,1.9,1.0,-0.6,1.6,0.6,-0.1,1.0,-1.7,-1.9
288,75.7829,0.4,0.9,2.8,2.3,2.5,0.4,0.7,1.4,2.8,3.8,3.3,0.6,3.2,2.6,1.7,1.9,1.0,-0.6,1.6,0.6,-0.1,1.0,-1.7
289,97.33,0.8,0.4,0.9,2.8,2.3,2.5,0.4,0.7,1.4,2.8,3.8,3.3,0.6,3.2,2.6,1.7,1.9,1.0,-0.6,1.6,0.6,-0.1,1.0
290,44.2273,1.8,0.8,0.4,0.9,2.8,2.3,2.5,0.4,0.7,1.4,2.8,3.8,3.3,0.6,3.2,2.6,1.7,1.9,1.0,-0.6,1.6,0.6,-0.1
291,72.1834,1.1,1.8,0.8,0.4,0.9,2.8,2.3,2.5,0.4,0.7,1.4,2.8,3.8,3.3,0.6,3.2,2.6,1.7,1.9,1.0,-0.6,1.6,0.6
292,28.4301,-0.2,1.1,1.8,0.8,0.4,0.9,2.8,2.3,2.5,0.4,0.7,1.4,2.8,3.8,3.3,0.6,3.2,2.6,1.7,1.9,1.0,-0.6,1.6
293,12.5396,-2.6,-0.2,1.1,1.8,0.8,0.4,0.9,2.8,2.3,2.5,0.4,0.7,1.4,2.8,3.8,3.3,0.6,3.2,2.6,1.7,1.9,1.0,-0.6
294,0.29600000000000004,-0.9,-2.6,-0.2,1.1,1.8,0.8,0.4,0.9,2.8,2.3,2.5,0.4,0.7,1.4,2.8,3.8,3.3,0.6,3.2,2.6,1.7,1.9,1.0
295,2.7366,-2.4,-0.9,-2.6,-0.2,1.1,1.8,0.8,0.4,0.9,2.8,2.3,2.5,0.4,0.7,1.4,2.8,3.8,3.3,0.6,3.2,2.6,1.7,1.9
296,39.3597,-0.8,-2.4,-0.9,-2.6,-0.2,1.1,1.8,0.8,0.4,0.9,2.8,2.3,2.5,0.4,0.7,1.4,2.8,3.8,3.3,0.6,3.2,2.6,1.7
297,82.4156,-2.2,-0.8,-2.4,-0.9,-2.6,-0.2,1.1,1.8,0.8,0.4,0.9,2.8,2.3,2.5,0.4,0.7,1.4,2.8,3.8,3.3,0.6,3.2,2.6
298,169.0592,-1.5,-2.2,-0.8,-2.4,-0.9,-2.6,-0.2,1.1,1.8,0.8,0.4,0.9,2.8,2.3,2.5,0.4,0.7,1.4,2.8,3.8,3.3,0.6,3.2
299,117.01299999999999,-0.6,-1.5,-2.2,-0.8,-2.4,-0.9,-2.6,-0.2,1.1,1.8,0.8,0.4,0.9,2.8,2.3,2.5,0.4,0.7,1.4,2.8,3.8,3.3,0.6
300,274.1817,-2.1,-0.6,-1.5,-2.2,-0.8,-2.4,-0.9,-2.6,-0.2,1.1,1.8,0.8,0.4,0.9,2.8,2.3,2.5,0.4,0.7,1.4,2.8,3.8,3.3
301,198.4256,-0.5,-2.1,-0.6,-1.5,-2.2,-0.8,-2.4,-0.9,-2.6,-0.2,1.1,1.8,0.8,0.4,0.9,2.8,2.3,2.5,0.4,0.7,1.4,2.8,3.8
302,96.2857,-2.3,-0.5,-2.1,-0.6,-1.5,-2.2,-0.8,-2.4,-0.9,-2.6,-0.2,1.1,1.8,0.8,0.4,0.9,2.8,2.3,2.5,0.4,0.7,1.4,2.8
303,15.6754,1.2,-2.3,-0.5,-2.1,-0.6,-1.5,-2.2,-0.8,-2.4,-0.9,-2.6,-0.2,1.1,1.8,0.8,0.4,0.9,2.8,2.3,2.5,0.4,0.7,1.4
304,19.3638,0.1,1.2,-2.3,-0.5,-2.1,-0.6,-1.5,-2.2,-0.8,-2.4,-0.9,-2.6,-0.2,1.1,1.8,0.8,0.4,0.9,2.8,2.3,2.5,0.4,0.7
305,2.2062,0.7,0.1,1.2,-2.3,-0.5,-2.1,-0.6,-1.5,-2.2,-0.8,-2.4,-0.9,-2.6,-0.2,1.1,1.8,0.8,0.4,0.9,2.8,2.3,2.5,0.4
306,3.2357,1.8,0.7,0.1,1.2,-2.3,-0.5,-2.1,-0.6,-1.5,-2.2,-0.8,-2.4,-0.9,-2.6,-0.2,1.1,1.8,0.8,0.4,0.9,2.8,2.3,2.5
307,3.4113,1.0,1.8,0.7,0.1,1.2,-2.3,-0.5,-2.1,-0.6,-1.5,-2.2,-0.8,-2.4,-0.9,-2.6,-0.2,1.1,1.8,0.8,0.4,0.9,2.8,2.3
308,25.4845,2.1,1.0,1.8,0.7,0.1,1.2,-2.3,-0.5,-2.1,-0.6,-1.5,-2.2,-0.8,-2.4,-0.9,-2.6,-0.2,1.1,1.8,0.8,0.4,0.9,2.8
309,86.5257,2.0,2.1,1.0,1.8,0.7,0.1,1.2,-2.3,-0.5,-2.1,-0.6,-1.5,-2.2,-0.8,-2.4,-0.9,-2.6,-0.2,1.1,1.8,0.8,0.4,0.9
310,328.1659,1.3,2.0,2.1,1.0,1.8,0.7,0.1,1.2,-2.3,-0.5,-2.1,-0.6,-1.5,-2.2,-0.8,-2.4,-0.9,-2.6,-0.2,1.1,1.8,0.8,0.4
311,183.7044,4.3,1.3,2.0,2.1,1.0,1.8,0.7,0.1,1.2,-2.3,-0.5,-2.1,-0.6,-1.5,-2.2,-0.8,-2.4,-0.9,-2.6,-0.2,1.1,1.8,0.8
312,197.5352,3.0,4.3,1.3,2.0,2.1,1.0,1.8,0.7,0.1,1.2,-2.3,-0.5,-2.1,-0.6,-1.5,-2.2,-0.8,-2.4,-0.9,-2.6,-0.2,1.1,1.8
313,75.462,4.0,3.0,4.3,1.3,2.0,2.1,1.0,1.8,0.7,0.1,1.2,-2.3,-0.5,-2.1,-0.6,-1.5,-2.2,-0.8,-2.4,-0.9,-2.6,-0.2,1.1
314,244.3715,3.4,4.0,3.0,4.3,1.3,2.0,2.1,1.0,1.8,0.7,0.1,1.2,-2.3,-0.5,-2.1,-0.6,-1.5,-2.2,-0.8,-2.4,-0.9,-2.6,-0.2
315,67.0149,4.0,3.4,4.0,3.0,4.3,1.3,2.0,2.1,1.0,1.8,0.7,0.1,1.2,-2.3,-0.5,-2.1,-0.6,-1.5,-2.2,-0.8,-2.4,-0.9,-2.6
316,5.7512,1.6,4.0,3.4,4.0,3.0,4.3,1.3,2.0,2.1,1.0,1.8,0.7,0.1,1.2,-2.3,-0.5,-2.1,-0.6,-1.5,-2.2,-0.8,-2.4,-0.9
317,6.9696,1.6,1.6,4.0,3.4,4.0,3.0,4.3,1.3,2.0,2.1,1.0,1.8,0.7,0.1,1.2,-2.3,-0.5,-2.1,-0.6,-1.5,-2.2,-0.8,-2.4
318,15.0529,0.7,1.6,1.6,4.0,3.4,4.0,3.0,4.3,1.3,2.0,2.1,1.0,1.8,0.7,0.1,1.2,-2.3,-0.5,-2.1,-0.6,-1.5,-2.2,-0.8
319,5.8558,1.9,0.7,1.6,1.6,4.0,3.4,4.0,3.0,4.3,1.3,2.0,2.1,1.0,1.8,0.7,0.1,1.2,-2.3,-0.5,-2.1,-0.6,-1.5,-2.2
320,0.024,1.3,1.9,0.7,1.6,1.6,4.0,3.4,4.0,3.0,4.3,1.3,2.0,2.1,1.0,1.8,0.7,0.1,1.2,-2.3,-0.5,-2.1,-0.6,-1.5
321,47.646,1.8,1.3,1.9,0.7,1.6,1.6,4.0,3.4,4.0,3.0,4.3,1.3,2.0,2.1,1.0,1.8,0.7,0.1,1.2,-2.3,-0.5,-2.1,-0.6
322,44.8002,1.5,1.8,1.3,1.9,0.7,1.6,1.6,4.0,3.4,4.0,3.0,4.3,1.3,2.0,2.1,1.0,1.8,0.7,0.1,1.2,-2.3,-0.5,-2.1
323,115.1569,-0.2,1.5,1.8,1.3,1.9,0.7,1.6,1.6,4.0,3.4,4.0,3.0,4.3,1.3,2.0,2.1,1.0,1.8,0.7,0.1,1.2,-2.3,-0.5
324,56.6864,0.3,-0.2,1.5,1.8,1.3,1.9,0.7,1.6,1.6,4.0,3.4,4.0,3.0,4.3,1.3,2.0,2.1,1.0,1.8,0.7,0.1,1.2,-2.3
325,252.9678,-0.8,0.3,-0.2,1.5,1.8,1.3,1.9,0.7,1.6,1.6,4.0,3.4,4.0,3.0,4.3,1.3,2.0,2.1,1.0,1.8,0.7,0.1,1.2
326,218.5948,1.3,-0.8,0.3,-0.2,1.5,1.8,1.3,1.9,0.7,1.6,1.6,4.0,3.4,4.0,3.0,4.3,1.3,2.0,2.1,1.0,1.8,0.7,0.1
327,77.8658,2.6,1.3,-0.8,0.3,-0.2,1.5,1.8,1.3,1.9,0.7,1.6,1.6,4.0,3.4,4.0,3.0,4.3,1.3,2.0,2.1,1.0,1.8,0.7
328,9.3918,1.9,2.6,1.3,-0.8,0.3,-0.2,1.5,1.8,1.3,1.9,0.7,1.6,1.6,4.0,3.4,4.0,3.0,4.3,1.3,2.0,2.1,1.0,1.8
329,11.5271,1.1,1.9,2.6,1.3,-0.8,0.3,-0.2,1.5,1.8,1.3,1.9,0.7,1.6,1.6,4.0,3.4,4.0,3.0,4.3,1.3,2.0,2.1,1.0
330,8.6513,2.1,1.1,1.9,2.6,1.3,-0.8,0.3,-0.2,1.5,1.8,1.3,1.9,0.7,1.6,1.6,4.0,3.4,4.0,3.0,4.3,1.3,2.0,2.1
331,19.0142,3.1,2.1,1.1,1.9,2.6,1.3,-0.8,0.3,-0.2,1.5,1.8,1.3,1.9,0.7,1.6,1.6,4.0,3.4,4.0,3.0,4.3,1.3,2.0
332,4.6138,3.3,3.1,2.1,1.1,1.9,2.6,1.3,-0.8,0.3,-0.2,1.5,1.8,1.3,1.9,0.7,1.6,1.6,4.0,3.4,4.0,3.0,4.3,1.3
333,116.9577,3.4,3.3,3.1,2.1,1.1,1.9,2.6,1.3,-0.8,0.3,-0.2,1.5,1.8,1.3,1.9,0.7,1.6,1.6,4.0,3.4,4.0,3.0,4.3
334,44.0783,2.8,3.4,3.3,3.1,2.1,1.1,1.9,2.6,1.3,-0.8,0.3,-0.2,1.5,1.8,1.3,1.9,0.7,1.6,1.6,4.0,3.4,4.0,3.0
335,40.0273,1.9,2.8,3.4,3.3,3.1,2.1,1.1,1.9,2.6,1.3,-0.8,0.3,-0.2,1.5,1.8,1.3,1.9,0.7,1.6,1.6,4.0,3.4,4.0
336,16.9311,3.5,1.9,2.8,3.4,3.3,3.1,2.1,1.1,1.9,2.6,1.3,-0.8,0.3,-0.2,1.5,1.8,1.3,1.9,0.7,1.6,1.6,4.0,3.4
337,94.7294,2.3,3.5,1.9,2.8,3.4,3.3,3.1,2.1,1.1,1.9,2.6,1.3,-0.8,0.3,-0.2,1.5,1.8,1.3,1.9,0.7,1.6,1.6,4.0
338,43.6624,2.8,2.3,3.5,1.9,2.8,3.4,3.3,3.1,2.1,1.1,1.9,2.6,1.3,-0.8,0.3,-0.2,1.5,1.8,1.3,1.9,0.7,1.6,1.6
339,52.5724,2.9,2.8,2.3,3.5,1.9,2.8,3.4,3.3,3.1,2.1,1.1,1.9,2.6,1.3,-0.8,0.3,-0.2,1.5,1.8,1.3,1.9,0.7,1.6
340,2.4986,0.5,2.9,2.8,2.3,3.5,1.9,2.8,3.4,3.3,3.1,2.1,1.1,1.9,2.6,1.3,-0.8,0.3,-0.2,1.5,1.8,1.3,1.9,0.7
341,7.2717,0.6,0.5,2.9,2.8,2.3,3.5,1.9,2.8,3.4,3.3,3.1,2.1,1.1,1.9,2.6,1.3,-0.8,0.3,-0.2,1.5,1.8,1.3,1.9
342,4.5835,0.4,0.6,0.5,2.9,2.8,2.3,3.5,1.9,2.8,3.4,3.3,3.1,2.1,1.1,1.9,2.6,1.3,-0.8,0.3,-0.2,1.5,1.8,1.3
343,26.8467,-1.4,0.4,0.6,0.5,2.9,2.8,2.3,3.5,1.9,2.8,3.4,3.3,3.1,2.1,1.1,1.9,2.6,1.3,-0.8,0.3,-0.2,1.5,1.8
344,27.0757,-1.3,-1.4,0.4,0.6,0.5,2.9,2.8,2.3,3.5,1.9,2.8,3.4,3.3,3.1,2.1,1.1,1.9,2.6,1.3,-0.8,0.3,-0.2,1.5
345,9.4216,-1.9,-1.3,-1.4,0.4,0.6,0.5,2.9,2.8,2.3,3.5,1.9,2.8,3.4,3.3,3.1,2.1,1.1,1.9,2.6,1.3,-0.8,0.3,-0.2
346,28.9978,0.7,-1.9,-1.3,-1.4,0.4,0.6,0.5,2.9,2.8,2.3,3.5,1.9,2.8,3.4,3.3,3.1,2.1,1.1,1.9,2.6,1.3,-0.8,0.3
347,13.0878,1.2,0.7,-1.9,-1.3,-1.4,0.4,0.6,0.5,2.9,2.8,2.3,3.5,1.9,2.8,3.4,3.3,3.1,2.1,1.1,1.9,2.6,1.3,-0.8
348,64.8525,-0.6,1.2,0.7,-1.9,-1.3,-1.4,0.4,0.6,0.5,2.9,2.8,2.3,3.5,1.9,2.8,3.4,3.3,3.1,2.1,1.1,1.9,2.6,1.3
349,52.3633,-0.7,-0.6,1.2,0.7,-1.9,-1.3,-1.4,0.4,0.6,0.5,2.9,2.8,2.3,3.5,1.9,2.8,3.4,3.3,3.1,2.1,1.1,1.9,2.6
350,57.4454,2.0,-0.7,-0.6,1.2,0.7,-1.9,-1.3,-1.4,0.4,0.6,0.5,2.9,2.8,2.3,3.5,1.9,2.8,3.4,3.3,3.1,2.1,1.1,1.9
351,12.3589,-0.9,2.0,-0.7,-0.6,1.2,0.7,-1.9,-1.3,-1.4,0.4,0.6,0.5,2.9,2.8,2.3,3.5,1.9,2.8,3.4,3.3,3.1,2.1,1.1
352,75.4235,-0.7,-0.9,2.0,-0.7,-0.6,1.2,0.7,-1.9,-1.3,-1.4,0.4,0.6,0.5,2.9,2.8,2.3,3.5,1.9,2.8,3.4,3.3,3.1,2.1
353,11.9646,-0.8,-0.7,-0.9,2.0,-0.7,-0.6,1.2,0.7,-1.9,-1.3,-1.4,0.4,0.6,0.5,2.9,2.8,2.3,3.5,1.9,2.8,3.4,3.3,3.1
354,3.62,-1.5,-0.8,-0.7,-0.9,2.0,-0.7,-0.6,1.2,0.7,-1.9,-1.3,-1.4,0.4,0.6,0.5,2.9,2.8,2.3,3.5,1.9,2.8,3.4,3.3
355,7.3128,-1.9,-1.5,-0.8,-0.7,-0.9,2.0,-0.7,-0.6,1.2,0.7,-1.9,-1.3,-1.4,0.4,0.6,0.5,2.9,2.8,2.3,3.5,1.9,2.8,3.4
356,46.6696,-1.3,-1.9,-1.5,-0.8,-0.7,-0.9,2.0,-0.7,-0.6,1.2,0.7,-1.9,-1.3,-1.4,0.4,0.6,0.5,2.9,2.8,2.3,3.5,1.9,2.8
357,14.1276,-1.3,-1.3,-1.9,-1.5,-0.8,-0.7,-0.9,2.0,-0.7,-0.6,1.2,0.7,-1.9,-1.3,-1.4,0.4,0.6,0.5,2.9,2.8,2.3,3.5,1.9
358,90.8948,-1.7,-1.3,-1.3,-1.9,-1.5,-0.8,-0.7,-0.9,2.0,-0.7,-0.6,1.2,0.7,-1.9,-1.3,-1.4,0.4,0.6,0.5,2.9,2.8,2.3,3.5
359,207.5311,-2.1,-1.7,-1.3,-1.3,-1.9,-1.5,-0.8,-0.7,-0.9,2.0,-0.7,-0.6,1.2,0.7,-1.9,-1.3,-1.4,0.4,0.6,0.5,2.9,2.8,2.3
360,336.5265,-1.7,-2.1,-1.7,-1.3,-1.3,-1.9,-1.5,-0.8,-0.7,-0.9,2.0,-0.7,-0.6,1.2,0.7,-1.9,-1.3,-1.4,0.4,0.6,0.5,2.9,2.8
361,157.5473,-0.5,-1.7,-2.1,-1.7,-1.3,-1.3,-1.9,-1.5,-0.8,-0.7,-0.9,2.0,-0.7,-0.6,1.2,0.7,-1.9,-1.3,-1.4,0.4,0.6,0.5,2.9
362,177.2895,-4.4,-0.5,-1.7,-2.1,-1.7,-1.3,-1.3,-1.9,-1.5,-0.8,-0.7,-0.9,2.0,-0.7,-0.6,1.2,0.7,-1.9,-1.3,-1.4,0.4,0.6,0.5
363,147.9583,-0.3,-4.4,-0.5,-1.7,-2.1,-1.7,-1.3,-1.3,-1.9,-1.5,-0.8,-0.7,-0.9,2.0,-0.7,-0.6,1.2,0.7,-1.9,-1.3,-1.4,0.4,0.6
364,20.1741,-0.5,-0.3,-4.4,-0.5,-1.7,-2.1,-1.7,-1.3,-1.3,-1.9,-1.5,-0.8,-0.7,-0.9,2.0,-0.7,-0.6,1.2,0.7,-1.9,-1.3,-1.4,0.4
365,8.3685,2.2,-0.5,-0.3,-4.4,-0.5,-1.7,-2.1,-1.7,-1.3,-1.3,-1.9,-1.5,-0.8,-0.7,-0.9,2.0,-0.7,-0.6,1.2,0.7,-1.9,-1.3,-1.4
366,3.138,1.1,2.2,-0.5,-0.3,-4.4,-0.5,-1.7,-2.1,-1.7,-1.3,-1.3,-1.9,-1.5,-0.8,-0.7,-0.9,2.0,-0.7,-0.6,1.2,0.7,-1.9,-1.3
367,6.2860000000000005,0.9,1.1,2.2,-0.5,-0.3,-4.4,-0.5,-1.7,-2.1,-1.7,-1.3,-1.3,-1.9,-1.5,-0.8,-0.7,-0.9,2.0,-0.7,-0.6,1.2,0.7,-1.9
368,42.2072,0.7,0.9,1.1,2.2,-0.5,-0.3,-4.4,-0.5,-1.7,-2.1,-1.7,-1.3,-1.3,-1.9,-1.5,-0.8,-0.7,-0.9,2.0,-0.7,-0.6,1.2,0.7
369,0.4583,0.1,0.7,0.9,1.1,2.2,-0.5,-0.3,-4.4,-0.5,-1.7,-2.1,-1.7,-1.3,-1.3,-1.9,-1.5,-0.8,-0.7,-0.9,2.0,-0.7,-0.6,1.2
370,65.5518,-0.6,0.1,0.7,0.9,1.1,2.2,-0.5,-0.3,-4.4,-0.5,-1.7,-2.1,-1.7,-1.3,-1.3,-1.9,-1.5,-0.8,-0.7,-0.9,2.0,-0.7,-0.6
371,37.5814,-0.0,-0.6,0.1,0.7,0.9,1.1,2.2,-0.5,-0.3,-4.4,-0.5,-1.7,-2.1,-1.7,-1.3,-1.3,-1.9,-1.5,-0.8,-0.7,-0.9,2.0,-0.7
372,168.1827,-0.1,-0.0,-0.6,0.1,0.7,0.9,1.1,2.2,-0.5,-0.3,-4.4,-0.5,-1.7,-2.1,-1.7,-1.3,-1.3,-1.9,-1.5,-0.8,-0.7,-0.9,2.0
373,207.2732,-0.7,-0.1,-0.0,-0.6,0.1,0.7,0.9,1.1,2.2,-0.5,-0.3,-4.4,-0.5,-1.7,-2.1,-1.7,-1.3,-1.3,-1.9,-1.5,-0.8,-0.7,-0.9
374,106.421,1.6,-0.7,-0.1,-0.0,-0.6,0.1,0.7,0.9,1.1,2.2,-0.5,-0.3,-4.4,-0.5,-1.7,-2.1,-1.7,-1.3,-1.3,-1.9,-1.5,-0.8,-0.7
375,65.0694,0.2,1.6,-0.7,-0.1,-0.0,-0.6,0.1,0.7,0.9,1.1,2.2,-0.5,-0.3,-4.4,-0.5,-1.7,-2.1,-1.7,-1.3,-1.3,-1.9,-1.5,-0.8
376,38.8513,-0.2,0.2,1.6,-0.7,-0.1,-0.0,-0.6,0.1,0.7,0.9,1.1,2.2,-0.5,-0.3,-4.4,-0.5,-1.7,-2.1,-1.7,-1.3,-1.3,-1.9,-1.5
377,2.4303,0.8,-0.2,0.2,1.6,-0.7,-0.1,-0.0,-0.6,0.1,0.7,0.9,1.1,2.2,-0.5,-0.3,-4.4,-0.5,-1.7,-2.1,-1.7,-1.3,-1.3,-1.9
378,4.2719,1.1,0.8,-0.2,0.2,1.6,-0.7,-0.1,-0.0,-0.6,0.1,0.7,0.9,1.1,2.2,-0.5,-0.3,-4.4,-0.5,-1.7,-2.1,-1.7,-1.3,-1.3
379,14.9492,2.2,1.1,0.8,-0.2,0.2,1.6,-0.7,-0.1,-0.0,-0.6,0.1,0.7,0.9,1.1,2.2,-0.5,-0.3,-4.4,-0.5,-1.7,-2.1,-1.7,-1.3
380,6.5709,-0.3,2.2,1.1,0.8,-0.2,0.2,1.6,-0.7,-0.1,-0.0,-0.6,0.1,0.7,0.9,1.1,2.2,-0.5,-0.3,-4.4,-0.5,-1.7,-2.1,-1.7
381,120.1757,0.2,-0.3,2.2,1.1,0.8,-0.2,0.2,1.6,-0.7,-0.1,-0.0,-0.6,0.1,0.7,0.9,1.1,2.2,-0.5,-0.3,-4.4,-0.5,-1.7,-2.1
382,110.2708,-0.2,0.2,-0.3,2.2,1.1,0.8,-0.2,0.2,1.6,-0.7,-0.1,-0.0,-0.6,0.1,0.7,0.9,1.1,2.2,-0.5,-0.3,-4.4,-0.5,-1.7
383,161.8575,-0.7,-0.2,0.2,-0.3,2.2,1.1,0.8,-0.2,0.2,1.6,-0.7,-0.1,-0.0,-0.6,0.1,0.7,0.9,1.1,2.2,-0.5,-0.3,-4.4,-0.5
384,218.8141,-1.2,-0.7,-0.2,0.2,-0.3,2.2,1.1,0.8,-0.2,0.2,1.6,-0.7,-0.1,-0.0,-0.6,0.1,0.7,0.9,1.1,2.2,-0.5,-0.3,-4.4
385,257.3361,0.7,-1.2,-0.7,-0.2,0.2,-0.3,2.2,1.1,0.8,-0.2,0.2,1.6,-0.7,-0.1,-0.0,-0.6,0.1,0.7,0.9,1.1,2.2,-0.5,-0.3
386,78.3616,0.5,0.7,-1.2,-0.7,-0.2,0.2,-0.3,2.2,1.1,0.8,-0.2,0.2,1.6,-0.7,-0.1,-0.0,-0.6,0.1,0.7,0.9,1.1,2.2,-0.5
387,57.5887,-0.7,0.5,0.7,-1.2,-0.7,-0.2,0.2,-0.3,2.2,1.1,0.8,-0.2,0.2,1.6,-0.7,-0.1,-0.0,-0.6,0.1,0.7,0.9,1.1,2.2
388,39.7011,-1.0,-0.7,0.5,0.7,-1.2,-0.7,-0.2,0.2,-0.3,2.2,1.1,0.8,-0.2,0.2,1.6,-0.7,-0.1,-0.0,-0.6,0.1,0.7,0.9,1.1
389,21.9705,-0.0,-1.0,-0.7,0.5,0.7,-1.2,-0.7,-0.2,0.2,-0.3,2.2,1.1,0.8,-0.2,0.2,1.6,-0.7,-0.1,-0.0,-0.6,0.1,0.7,0.9
390,6.608,-0.0,-0.0,-1.0,-0.7,0.5,0.7,-1.2,-0.7,-0.2,0.2,-0.3,2.2,1.1,0.8,-0.2,0.2,1.6,-0.7,-0.1,-0.0,-0.6,0.1,0.7
391,1.6826,-0.1,-0.0,-0.0,-1.0,-0.7,0.5,0.7,-1.2,-0.7,-0.2,0.2,-0.3,2.2,1.1,0.8,-0.2,0.2,1.6,-0.7,-0.1,-0.0,-0.6,0.1
392,10.0995,0.6,-0.1,-0.0,-0.0,-1.0,-0.7,0.5,0.7,-1.2,-0.7,-0.2,0.2,-0.3,2.2,1.1,0.8,-0.2,0.2,1.6,-0.7,-0.1,-0.0,-0.6
393,28.3012,-0.8,0.6,-0.1,-0.0,-0.0,-1.0,-0.7,0.5,0.7,-1.2,-0.7,-0.2,0.2,-0.3,2.2,1.1,0.8,-0.2,0.2,1.6,-0.7,-0.1,-0.0
394,27.2978,0.0,-0.8,0.6,-0.1,-0.0,-0.0,-1.0,-0.7,0.5,0.7,-1.2,-0.7,-0.2,0.2,-0.3,2.2,1.1,0.8,-0.2,0.2,1.6,-0.7,-0.1
395,125.1661,-0.6,0.0,-0.8,0.6,-0.1,-0.0,-0.0,-1.0,-0.7,0.5,0.7,-1.2,-0.7,-0.2,0.2,-0.3,2.2,1.1,0.8,-0.2,0.2,1.6,-0.7
396,186.2151,-0.1,-0.6,0.0,-0.8,0.6,-0.1,-0.0,-0.0,-1.0,-0.7,0.5,0.7,-1.2,-0.7,-0.2,0.2,-0.3,2.2,1.1,0.8,-0.2,0.2,1.6
397,74.8991,0.6,-0.1,-0.6,0.0,-0.8,0.6,-0.1,-0.0,-0.0,-1.0,-0.7,0.5,0.7,-1.2,-0.7,-0.2,0.2,-0.3,2.2,1.1,0.8,-0.2,0.2
398,133.9928,-0.3,0.6,-0.1,-0.6,0.0,-0.8,0.6,-0.1,-0.0,-0.0,-1.0,-0.7,0.5,0.7,-1.2,-0.7,-0.2,0.2,-0.3,2.2,1.1,0.8,-0.2
399,41.0443,-2.1,-0.3,0.6,-0.1,-0.6,0.0,-0.8,0.6,-0.1,-0.0,-0.0,-1.0,-0.7,0.5,0.7,-1.2,-0.7,-0.2,0.2,-0.3,2.2,1.1,0.8
400,44.9838,-0.2,-2.1,-0.3,0.6,-0.1,-0.6,0.0,-0.8,0.6,-0.1,-0.0,-0.0,-1.0,-0.7,0.5,0.7,-1.2,-0.7,-0.2,0.2,-0.3,2.2,1.1
401,3.7659,1.3,-0.2,-2.1,-0.3,0.6,-0.1,-0.6,0.0,-0.8,0.6,-0.1,-0.0,-0.0,-1.0,-0.7,0.5,0.7,-1.2,-0.7,-0.2,0.2,-0.3,2.2
402,0.7084,2.0,1.3,-0.2,-2.1,-0.3,0.6,-0.1,-0.6,0.0,-0.8,0.6,-0.1,-0.0,-0.0,-1.0,-0.7,0.5,0.7,-1.2,-0.7,-0.2,0.2,-0.3
403,0.1236,1.4,2.0,1.3,-0.2,-2.1,-0.3,0.6,-0.1,-0.6,0.0,-0.8,0.6,-0.1,-0.0,-0.0,-1.0,-0.7,0.5,0.7,-1.2,-0.7,-0.2,0.2
404,26.478,1.2,1.4,2.0,1.3,-0.2,-2.1,-0.3,0.6,-0.1,-0.6,0.0,-0.8,0.6,-0.1,-0.0,-0.0,-1.0,-0.7,0.5,0.7,-1.2,-0.7,-0.2
405,123.5185,0.5,1.2,1.4,2.0,1.3,-0.2,-2.1,-0.3,0.6,-0.1,-0.6,0.0,-0.8,0.6,-0.1,-0.0,-0.0,-1.0,-0.7,0.5,0.7,-1.2,-0.7
406,317.4125,-0.6,0.5,1.2,1.4,2.0,1.3,-0.2,-2.1,-0.3,0.6,-0.1,-0.6,0.0,-0.8,0.6,-0.1,-0.0,-0.0,-1.0,-0.7,0.5,0.7,-1.2
407,228.8572,0.3,-0.6,0.5,1.2,1.4,2.0,1.3,-0.2,-2.1,-0.3,0.6,-0.1,-0.6,0.0,-0.8,0.6,-0.1,-0.0,-0.0,-1.0,-0.7,0.5,0.7
408,146.2773,0.8,0.3,-0.6,0.5,1.2,1.4,2.0,1.3,-0.2,-2.1,-0.3,0.6,-0.1,-0.6,0.0,-0.8,0.6,-0.1,-0.0,-0.0,-1.0,-0.7,0.5
409,118.1817,2.0,0.8,0.3,-0.6,0.5,1.2,1.4,2.0,1.3,-0.2,-2.1,-0.3,0.6,-0.1,-0.6,0.0,-0.8,0.6,-0.1,-0.0,-0.0,-1.0,-0.7
410,202.7401,0.4,2.0,0.8,0.3,-0.6,0.5,1.2,1.4,2.0,1.3,-0.2,-2.1,-0.3,0.6,-0.1,-0.6,0.0,-0.8,0.6,-0.1,-0.0,-0.0,-1.0
411,139.7013,1.0,0.4,2.0,0.8,0.3,-0.6,0.5,1.2,1.4,2.0,1.3,-0.2,-2.1,-0.3,0.6,-0.1,-0.6,0.0,-0.8,0.6,-0.1,-0.0,-0.0
412,7.1761,0.1,1.0,0.4,2.0,0.8,0.3,-0.6,0.5,1.2,1.4,2.0,1.3,-0.2,-2.1,-0.3,0.6,-0.1,-0.6,0.0,-0.8,0.6,-0.1,-0.0
413,31.7973,-0.6,0.1,1.0,0.4,2.0,0.8,0.3,-0.6,0.5,1.2,1.4,2.0,1.3,-0.2,-2.1,-0.3,0.6,-0.1,-0.6,0.0,-0.8,0.6,-0.1
414,7.4931,-1.7,-0.6,0.1,1.0,0.4,2.0,0.8,0.3,-0.6,0.5,1.2,1.4,2.0,1.3,-0.2,-2.1,-0.3,0.6,-0.1,-0.6,0.0,-0.8,0.6
415,3.966,-2.5,-1.7,-0.6,0.1,1.0,0.4,2.0,0.8,0.3,-0.6,0.5,1.2,1.4,2.0,1.3,-0.2,-2.1,-0.3,0.6,-0.1,-0.6,0.0,-0.8
416,45.5028,-2.9,-2.5,-1.7,-0.6,0.1,1.0,0.4,2.0,0.8,0.3,-0.6,0.5,1.2,1.4,2.0,1.3,-0.2,-2.1,-0.3,0.6,-0.1,-0.6,0.0
417,127.9181,-2.9,-2.9,-2.5,-1.7,-0.6,0.1,1.0,0.4,2.0,0.8,0.3,-0.6,0.5,1.2,1.4,2.0,1.3,-0.2,-2.1,-0.3,0.6,-0.1,-0.6
418,187.7829,-2.8,-2.9,-2.9,-2.5,-1.7,-0.6,0.1,1.0,0.4,2.0,0.8,0.3,-0.6,0.5,1.2,1.4,2.0,1.3,-0.2,-2.1,-0.3,0.6,-0.1
419,175.231,-4.3,-2.8,-2.9,-2.9,-2.5,-1.7,-0.6,0.1,1.0,0.4,2.0,0.8,0.3,-0.6,0.5,1.2,1.4,2.0,1.3,-0.2,-2.1,-0.3,0.6
420,212.1189,-3.7,-4.3,-2.8,-2.9,-2.9,-2.5,-1.7,-0.6,0.1,1.0,0.4,2.0,0.8,0.3,-0.6,0.5,1.2,1.4,2.0,1.3,-0.2,-2.1,-0.3
421,265.4557,-5.8,-3.7,-4.3,-2.8,-2.9,-2.9,-2.5,-1.7,-0.6,0.1,1.0,0.4,2.0,0.8,0.3,-0.6,0.5,1.2,1.4,2.0,1.3,-0.2,-2.1
422,343.7159,-6.0,-5.8,-3.7,-4.3,-2.8,-2.9,-2.9,-2.5,-1.7,-0.6,0.1,1.0,0.4,2.0,0.8,0.3,-0.6,0.5,1.2,1.4,2.0,1.3,-0.2
423,126.2262,-4.0,-6.0,-5.8,-3.7,-4.3,-2.8,-2.9,-2.9,-2.5,-1.7,-0.6,0.1,1.0,0.4,2.0,0.8,0.3,-0.6,0.5,1.2,1.4,2.0,1.3
424,25.3429,-1.5,-4.0,-6.0,-5.8,-3.7,-4.3,-2.8,-2.9,-2.9,-2.5,-1.7,-0.6,0.1,1.0,0.4,2.0,0.8,0.3,-0.6,0.5,1.2,1.4,2.0
425,16.6247,1.0,-1.5,-4.0,-6.0,-5.8,-3.7,-4.3,-2.8,-2.9,-2.9,-2.5,-1.7,-0.6,0.1,1.0,0.4,2.0,0.8,0.3,-0.6,0.5,1.2,1.4
426,3.2258,0.1,1.0,-1.5,-4.0,-6.0,-5.8,-3.7,-4.3,-2.8,-2.9,-2.9,-2.5,-1.7,-0.6,0.1,1.0,0.4,2.0,0.8,0.3,-0.6,0.5,1.2
427,14.7894,-1.0,0.1,1.0,-1.5,-4.0,-6.0,-5.8,-3.7,-4.3,-2.8,-2.9,-2.9,-2.5,-1.7,-0.6,0.1,1.0,0.4,2.0,0.8,0.3,-0.6,0.5
428,32.3854,0.2,-1.0,0.1,1.0,-1.5,-4.0,-6.0,-5.8,-3.7,-4.3,-2.8,-2.9,-2.9,-2.5,-1.7,-0.6,0.1,1.0,0.4,2.0,0.8,0.3,-0.6
429,45.9836,1.4,0.2,-1.0,0.1,1.0,-1.5,-4.0,-6.0,-5.8,-3.7,-4.3,-2.8,-2.9,-2.9,-2.5,-1.7,-0.6,0.1,1.0,0.4,2.0,0.8,0.3
430,304.6862,0.7,1.4,0.2,-1.0,0.1,1.0,-1.5,-4.0,-6.0,-5.8,-3.7,-4.3,-2.8,-2.9,-2.9,-2.5,-1.7,-0.6,0.1,1.0,0.4,2.0,0.8
431,321.6665,-0.2,0.7,1.4,0.2,-1.0,0.1,1.0,-1.5,-4.0,-6.0,-5.8,-3.7,-4.3,-2.8,-2.9,-2.9,-2.5,-1.7,-0.6,0.1,1.0,0.4,2.0
432,13.2042,0.0,-0.2,0.7,1.4,0.2,-1.0,0.1,1.0,-1.5,-4.0,-6.0,-5.8,-3.7,-4.3,-2.8,-2.9,-2.9,-2.5,-1.7,-0.6,0.1,1.0,0.4
433,98.5027,0.3,0.0,-0.2,0.7,1.4,0.2,-1.0,0.1,1.0,-1.5,-4.0,-6.0,-5.8,-3.7,-4.3,-2.8,-2.9,-2.9,-2.5,-1.7,-0.6,0.1,1.0
434,77.2177,1.4,0.3,0.0,-0.2,0.7,1.4,0.2,-1.0,0.1,1.0,-1.5,-4.0,-6.0,-5.8,-3.7,-4.3,-2.8,-2.9,-2.9,-2.5,-1.7,-0.6,0.1
435,51.32899999999999,-0.4,1.4,0.3,0.0,-0.2,0.7,1.4,0.2,-1.0,0.1,1.0,-1.5,-4.0,-6.0,-5.8,-3.7,-4.3,-2.8,-2.9,-2.9,-2.5,-1.7,-0.6
436,16.3683,0.6,-0.4,1.4,0.3,0.0,-0.2,0.7,1.4,0.2,-1.0,0.1,1.0,-1.5,-4.0,-6.0,-5.8,-3.7,-4.3,-2.8,-2.9,-2.9,-2.5,-1.7
437,24.0945,0.3,0.6,-0.4,1.4,0.3,0.0,-0.2,0.7,1.4,0.2,-1.0,0.1,1.0,-1.5,-4.0,-6.0,-5.8,-3.7,-4.3,-2.8,-2.9,-2.9,-2.5
438,3.2565,-0.6,0.3,0.6,-0.4,1.4,0.3,0.0,-0.2,0.7,1.4,0.2,-1.0,0.1,1.0,-1.5,-4.0,-6.0,-5.8,-3.7,-4.3,-2.8,-2.9,-2.9
439,16.8876,0.3,-0.6,0.3,0.6,-0.4,1.4,0.3,0.0,-0.2,0.7,1.4,0.2,-1.0,0.1,1.0,-1.5,-4.0,-6.0,-5.8,-3.7,-4.3,-2.8,-2.9
440,9.661,0.7,0.3,-0.6,0.3,0.6,-0.4,1.4,0.3,0.0,-0.2,0.7,1.4,0.2,-1.0,0.1,1.0,-1.5,-4.0,-6.0,-5.8,-3.7,-4.3,-2.8
441,72.5305,0.2,0.7,0.3,-0.6,0.3,0.6,-0.4,1.4,0.3,0.0,-0.2,0.7,1.4,0.2,-1.0,0.1,1.0,-1.5,-4.0,-6.0,-5.8,-3.7,-4.3
442,260.6595,-0.5,0.2,0.7,0.3,-0.6,0.3,0.6,-0.4,1.4,0.3,0.0,-0.2,0.7,1.4,0.2,-1.0,0.1,1.0,-1.5,-4.0,-6.0,-5.8,-3.7
443,56.2085,0.4,-0.5,0.2,0.7,0.3,-0.6,0.3,0.6,-0.4,1.4,0.3,0.0,-0.2,0.7,1.4,0.2,-1.0,0.1,1.0,-1.5,-4.0,-6.0,-5.8
444,26.3162,-0.2,0.4,-0.5,0.2,0.7,0.3,-0.6,0.3,0.6,-0.4,1.4,0.3,0.0,-0.2,0.7,1.4,0.2,-1.0,0.1,1.0,-1.5,-4.0,-6.0
445,75.5594,-0.5,-0.2,0.4,-0.5,0.2,0.7,0.3,-0.6,0.3,0.6,-0.4,1.4,0.3,0.0,-0.2,0.7,1.4,0.2,-1.0,0.1,1.0,-1.5,-4.0
446,117.7767,2.0,-0.5,-0.2,0.4,-0.5,0.2,0.7,0.3,-0.6,0.3,0.6,-0.4,1.4,0.3,0.0,-0.2,0.7,1.4,0.2,-1.0,0.1,1.0,-1.5
447,10.9173,1.3,2.0,-0.5,-0.2,0.4,-0.5,0.2,0.7,0.3,-0.6,0.3,0.6,-0.4,1.4,0.3,0.0,-0.2,0.7,1.4,0.2,-1.0,0.1,1.0
448,10.0459,1.9,1.3,2.0,-0.5,-0.2,0.4,-0.5,0.2,0.7,0.3,-0.6,0.3,0.6,-0.4,1.4,0.3,0.0,-0.2,0.7,1.4,0.2,-1.0,0.1
449,7.2444,0.7,1.9,1.3,2.0,-0.5,-0.2,0.4,-0.5,0.2,0.7,0.3,-0.6,0.3,0.6,-0.4,1.4,0.3,0.0,-0.2,0.7,1.4,0.2,-1.0
450,5.252000000000001,-0.6,0.7,1.9,1.3,2.0,-0.5,-0.2,0.4,-0.5,0.2,0.7,0.3,-0.6,0.3,0.6,-0.4,1.4,0.3,0.0,-0.2,0.7,1.4,0.2
451,4.4682,-0.2,-0.6,0.7,1.9,1.3,2.0,-0.5,-0.2,0.4,-0.5,0.2,0.7,0.3,-0.6,0.3,0.6,-0.4,1.4,0.3,0.0,-0.2,0.7,1.4
452,63.5378,1.6,-0.2,-0.6,0.7,1.9,1.3,2.0,-0.5,-0.2,0.4,-0.5,0.2,0.7,0.3,-0.6,0.3,0.6,-0.4,1.4,0.3,0.0,-0.2,0.7
453,39.8581,0.0,1.6,-0.2,-0.6,0.7,1.9,1.3,2.0,-0.5,-0.2,0.4,-0.5,0.2,0.7,0.3,-0.6,0.3,0.6,-0.4,1.4,0.3,0.0,-0.2
454,135.5843,-0.6,0.0,1.6,-0.2,-0.6,0.7,1.9,1.3,2.0,-0.5,-0.2,0.4,-0.5,0.2,0.7,0.3,-0.6,0.3,0.6,-0.4,1.4,0.3,0.0
455,92.0604,-0.3,-0.6,0.0,1.6,-0.2,-0.6,0.7,1.9,1.3,2.0,-0.5,-0.2,0.4,-0.5,0.2,0.7,0.3,-0.6,0.3,0.6,-0.4,1.4,0.3
456,173.4366,0.4,-0.3,-0.6,0.0,1.6,-0.2,-0.6,0.7,1.9,1.3,2.0,-0.5,-0.2,0.4,-0.5,0.2,0.7,0.3,-0.6,0.3,0.6,-0.4,1.4
457,406.6905,1.6,0.4,-0.3,-0.6,0.0,1.6,-0.2,-0.6,0.7,1.9,1.3,2.0,-0.5,-0.2,0.4,-0.5,0.2,0.7,0.3,-0.6,0.3,0.6,-0.4
458,173.2774,-1.7,1.6,0.4,-0.3,-0.6,0.0,1.6,-0.2,-0.6,0.7,1.9,1.3,2.0,-0.5,-0.2,0.4,-0.5,0.2,0.7,0.3,-0.6,0.3,0.6
459,42.3119,0.8,-1.7,1.6,0.4,-0.3,-0.6,0.0,1.6,-0.2,-0.6,0.7,1.9,1.3,2.0,-0.5,-0.2,0.4,-0.5,0.2,0.7,0.3,-0.6,0.3
460,39.9692,0.5,0.8,-1.7,1.6,0.4,-0.3,-0.6,0.0,1.6,-0.2,-0.6,0.7,1.9,1.3,2.0,-0.5,-0.2,0.4,-0.5,0.2,0.7,0.3,-0.6
461,4.2075,-0.4,0.5,0.8,-1.7,1.6,0.4,-0.3,-0.6,0.0,1.6,-0.2,-0.6,0.7,1.9,1.3,2.0,-0.5,-0.2,0.4,-0.5,0.2,0.7,0.3
462,2.6268,1.6,-0.4,0.5,0.8,-1.7,1.6,0.4,-0.3,-0.6,0.0,1.6,-0.2,-0.6,0.7,1.9,1.3,2.0,-0.5,-0.2,0.4,-0.5,0.2,0.7
463,0.214,0.5,1.6,-0.4,0.5,0.8,-1.7,1.6,0.4,-0.3,-0.6,0.0,1.6,-0.2,-0.6,0.7,1.9,1.3,2.0,-0.5,-0.2,0.4,-0.5,0.2
464,68.52,-0.6,0.5,1.6,-0.4,0.5,0.8,-1.7,1.6,0.4,-0.3,-0.6,0.0,1.6,-0.2,-0.6,0.7,1.9,1.3,2.0,-0.5,-0.2,0.4,-0.5
465,20.0406,-0.8,-0.6,0.5,1.6,-0.4,0.5,0.8,-1.7,1.6,0.4,-0.3,-0.6,0.0,1.6,-0.2,-0.6,0.7,1.9,1.3,2.0,-0.5,-0.2,0.4
466,16.6493,1.1,-0.8,-0.6,0.5,1.6,-0.4,0.5,0.8,-1.7,1.6,0.4,-0.3,-0.6,0.0,1.6,-0.2,-0.6,0.7,1.9,1.3,2.0,-0.5,-0.2
467,47.4246,-2.0,1.1,-0.8,-0.6,0.5,1.6,-0.4,0.5,0.8,-1.7,1.6,0.4,-0.3,-0.6,0.0,1.6,-0.2,-0.6,0.7,1.9,1.3,2.0,-0.5
468,115.4142,-2.4,-2.0,1.1,-0.8,-0.6,0.5,1.6,-0.4,0.5,0.8,-1.7,1.6,0.4,-0.3,-0.6,0.0,1.6,-0.2,-0.6,0.7,1.9,1.3,2.0
469,112.0715,-1.1,-2.4,-2.0,1.1,-0.8,-0.6,0.5,1.6,-0.4,0.5,0.8,-1.7,1.6,0.4,-0.3,-0.6,0.0,1.6,-0.2,-0.6,0.7,1.9,1.3
470,153.404,-2.1,-1.1,-2.4,-2.0,1.1,-0.8,-0.6,0.5,1.6,-0.4,0.5,0.8,-1.7,1.6,0.4,-0.3,-0.6,0.0,1.6,-0.2,-0.6,0.7,1.9
471,13.7422,-2.1,-2.1,-1.1,-2.4,-2.0,1.1,-0.8,-0.6,0.5,1.6,-0.4,0.5,0.8,-1.7,1.6,0.4,-0.3,-0.6,0.0,1.6,-0.2,-0.6,0.7
472,20.4834,-2.3,-2.1,-2.1,-1.1,-2.4,-2.0,1.1,-0.8,-0.6,0.5,1.6,-0.4,0.5,0.8,-1.7,1.6,0.4,-0.3,-0.6,0.0,1.6,-0.2,-0.6
473,6.1311,-2.1,-2.3,-2.1,-2.1,-1.1,-2.4,-2.0,1.1,-0.8,-0.6,0.5,1.6,-0.4,0.5,0.8,-1.7,1.6,0.4,-0.3,-0.6,0.0,1.6,-0.2
474,11.9625,-1.8,-2.1,-2.3,-2.1,-2.1,-1.1,-2.4,-2.0,1.1,-0.8,-0.6,0.5,1.6,-0.4,0.5,0.8,-1.7,1.6,0.4,-0.3,-0.6,0.0,1.6
475,0.1778,-2.2,-1.8,-2.1,-2.3,-2.1,-2.1,-1.1,-2.4,-2.0,1.1,-0.8,-0.6,0.5,1.6,-0.4,0.5,0.8,-1.7,1.6,0.4,-0.3,-0.6,0.0
476,0.7209,-1.5,-2.2,-1.8,-2.1,-2.3,-2.1,-2.1,-1.1,-2.4,-2.0,1.1,-0.8,-0.6,0.5,1.6,-0.4,0.5,0.8,-1.7,1.6,0.4,-0.3,-0.6
477,23.0957,-1.7,-1.5,-2.2,-1.8,-2.1,-2.3,-2.1,-2.1,-1.1,-2.4,-2.0,1.1,-0.8,-0.6,0.5,1.6,-0.4,0.5,0.8,-1.7,1.6,0.4,-0.3
478,74.6342,-0.6,-1.7,-1.5,-2.2,-1.8,-2.1,-2.3,-2.1,-2.1,-1.1,-2.4,-2.0,1.1,-0.8,-0.6,0.5,1.6,-0.4,0.5,0.8,-1.7,1.6,0.4
479,216.6507,-0.0,-0.6,-1.7,-1.5,-2.2,-1.8,-2.1,-2.3,-2.1,-2.1,-1.1,-2.4,-2.0,1.1,-0.8,-0.6,0.5,1.6,-0.4,0.5,0.8,-1.7,1.6
480,157.8831,-0.8,-0.0,-0.6,-1.7,-1.5,-2.2,-1.8,-2.1,-2.3,-2.1,-2.1,-1.1,-2.4,-2.0,1.1,-0.8,-0.6,0.5,1.6,-0.4,0.5,0.8,-1.7
481,12.125,-0.2,-0.8,-0.0,-0.6,-1.7,-1.5,-2.2,-1.8,-2.1,-2.3,-2.1,-2.1,-1.1,-2.4,-2.0,1.1,-0.8,-0.6,0.5,1.6,-0.4,0.5,0.8
482,22.2096,-0.6,-0.2,-0.8,-0.0,-0.6,-1.7,-1.5,-2.2,-1.8,-2.1,-2.3,-2.1,-2.1,-1.1,-2.4,-2.0,1.1,-0.8,-0.6,0.5,1.6,-0.4,0.5
483,80.2338,1.1,-0.6,-0.2,-0.8,-0.0,-0.6,-1.7,-1.5,-2.2,-1.8,-2.1,-2.3,-2.1,-2.1,-1.1,-2.4,-2.0,1.1,-0.8,-0.6,0.5,1.6,-0.4
484,50.7024,0.2,1.1,-0.6,-0.2,-0.8,-0.0,-0.6,-1.7,-1.5,-2.2,-1.8,-2.1,-2.3,-2.1,-2.1,-1.1,-2.4,-2.0,1.1,-0.8,-0.6,0.5,1.6
485,23.2126,1.5,0.2,1.1,-0.6,-0.2,-0.8,-0.0,-0.6,-1.7,-1.5,-2.2,-1.8,-2.1,-2.3,-2.1,-2.1,-1.1,-2.4,-2.0,1.1,-0.8,-0.6,0.5
486,2.6414,0.1,1.5,0.2,1.1,-0.6,-0.2,-0.8,-0.0,-0.6,-1.7,-1.5,-2.2,-1.8,-2.1,-2.3,-2.1,-2.1,-1.1,-2.4,-2.0,1.1,-0.8,-0.6
487,0.8697,1.7,0.1,1.5,0.2,1.1,-0.6,-0.2,-0.8,-0.0,-0.6,-1.7,-1.5,-2.2,-1.8,-2.1,-2.3,-2.1,-2.1,-1.1,-2.4,-2.0,1.1,-0.8
488,2.5931,2.5,1.7,0.1,1.5,0.2,1.1,-0.6,-0.2,-0.8,-0.0,-0.6,-1.7,-1.5,-2.2,-1.8,-2.1,-2.3,-2.1,-2.1,-1.1,-2.4,-2.0,1.1
489,2.8267,3.0,2.5,1.7,0.1,1.5,0.2,1.1,-0.6,-0.2,-0.8,-0.0,-0.6,-1.7,-1.5,-2.2,-1.8,-2.1,-2.3,-2.1,-2.1,-1.1,-2.4,-2.0
490,207.2051,2.3,3.0,2.5,1.7,0.1,1.5,0.2,1.1,-0.6,-0.2,-0.8,-0.0,-0.6,-1.7,-1.5,-2.2,-1.8,-2.1,-2.3,-2.1,-2.1,-1.1,-2.4
491,99.2607,2.8,2.3,3.0,2.5,1.7,0.1,1.5,0.2,1.1,-0.6,-0.2,-0.8,-0.0,-0.6,-1.7,-1.5,-2.2,-1.8,-2.1,-2.3,-2.1,-2.1,-1.1
492,59.1451,2.0,2.8,2.3,3.0,2.5,1.7,0.1,1.5,0.2,1.1,-0.6,-0.2,-0.8,-0.0,-0.6,-1.7,-1.5,-2.2,-1.8,-2.1,-2.3,-2.1,-2.1
493,51.3038,2.5,2.0,2.8,2.3,3.0,2.5,1.7,0.1,1.5,0.2,1.1,-0.6,-0.2,-0.8,-0.0,-0.6,-1.7,-1.5,-2.2,-1.8,-2.1,-2.3,-2.1
494,284.89599999999996,2.0,2.5,2.0,2.8,2.3,3.0,2.5,1.7,0.1,1.5,0.2,1.1,-0.6,-0.2,-0.8,-0.0,-0.6,-1.7,-1.5,-2.2,-1.8,-2.1,-2.3
495,42.7591,1.8,2.0,2.5,2.0,2.8,2.3,3.0,2.5,1.7,0.1,1.5,0.2,1.1,-0.6,-0.2,-0.8,-0.0,-0.6,-1.7,-1.5,-2.2,-1.8,-2.1
496,28.2092,2.7,1.8,2.0,2.5,2.0,2.8,2.3,3.0,2.5,1.7,0.1,1.5,0.2,1.1,-0.6,-0.2,-0.8,-0.0,-0.6,-1.7,-1.5,-2.2,-1.8
497,19.1619,2.0,2.7,1.8,2.0,2.5,2.0,2.8,2.3,3.0,2.5,1.7,0.1,1.5,0.2,1.1,-0.6,-0.2,-0.8,-0.0,-0.6,-1.7,-1.5,-2.2
498,0.1676,1.2,2.0,2.7,1.8,2.0,2.5,2.0,2.8,2.3,3.0,2.5,1.7,0.1,1.5,0.2,1.1,-0.6,-0.2,-0.8,-0.0,-0.6,-1.7,-1.5
499,11.2233,1.5,1.2,2.0,2.7,1.8,2.0,2.5,2.0,2.8,2.3,3.0,2.5,1.7,0.1,1.5,0.2,1.1,-0.6,-0.2,-0.8,-0.0,-0.6,-1.7
500,63.9411,-0.5,1.5,1.2,2.0,2.7,1.8,2.0,2.5,2.0,2.8,2.3,3.0,2.5,1.7,0.1,1.5,0.2,1.1,-0.6,-0.2,-0.8,-0.0,-0.6
501,109.3417,0.8,-0.5,1.5,1.2,2.0,2.7,1.8,2.0,2.5,2.0,2.8,2.3,3.0,2.5,1.7,0.1,1.5,0.2,1.1,-0.6,-0.2,-0.8,-0.0
502,53.42100000000001,1.3,0.8,-0.5,1.5,1.2,2.0,2.7,1.8,2.0,2.5,2.0,2.8,2.3,3.0,2.5,1.7,0.1,1.5,0.2,1.1,-0.6,-0.2,-0.8
503,1.5597,-0.4,1.3,0.8,-0.5,1.5,1.2,2.0,2.7,1.8,2.0,2.5,2.0,2.8,2.3,3.0,2.5,1.7,0.1,1.5,0.2,1.1,-0.6,-0.2
504,147.5894,-0.9,-0.4,1.3,0.8,-0.5,1.5,1.2,2.0,2.7,1.8,2.0,2.5,2.0,2.8,2.3,3.0,2.5,1.7,0.1,1.5,0.2,1.1,-0.6
505,86.3132,-0.1,-0.9,-0.4,1.3,0.8,-0.5,1.5,1.2,2.0,2.7,1.8,2.0,2.5,2.0,2.8,2.3,3.0,2.5,1.7,0.1,1.5,0.2,1.1
506,58.3611,-3.0,-0.1,-0.9,-0.4,1.3,0.8,-0.5,1.5,1.2,2.0,2.7,1.8,2.0,2.5,2.0,2.8,2.3,3.0,2.5,1.7,0.1,1.5,0.2
507,28.5986,-0.7,-3.0,-0.1,-0.9,-0.4,1.3,0.8,-0.5,1.5,1.2,2.0,2.7,1.8,2.0,2.5,2.0,2.8,2.3,3.0,2.5,1.7,0.1,1.5
508,120.6912,0.3,-0.7,-3.0,-0.1,-0.9,-0.4,1.3,0.8,-0.5,1.5,1.2,2.0,2.7,1.8,2.0,2.5,2.0,2.8,2.3,3.0,2.5,1.7,0.1
509,6.4874,2.0,0.3,-0.7,-3.0,-0.1,-0.9,-0.4,1.3,0.8,-0.5,1.5,1.2,2.0,2.7,1.8,2.0,2.5,2.0,2.8,2.3,3.0,2.5,1.7
510,3.9692,0.5,2.0,0.3,-0.7,-3.0,-0.1,-0.9,-0.4,1.3,0.8,-0.5,1.5,1.2,2.0,2.7,1.8,2.0,2.5,2.0,2.8,2.3,3.0,2.5
511,12.2325,0.9,0.5,2.0,0.3,-0.7,-3.0,-0.1,-0.9,-0.4,1.3,0.8,-0.5,1.5,1.2,2.0,2.7,1.8,2.0,2.5,2.0,2.8,2.3,3.0
512,11.3652,-0.3,0.9,0.5,2.0,0.3,-0.7,-3.0,-0.1,-0.9,-0.4,1.3,0.8,-0.5,1.5,1.2,2.0,2.7,1.8,2.0,2.5,2.0,2.8,2.3
513,21.9235,-1.2,-0.3,0.9,0.5,2.0,0.3,-0.7,-3.0,-0.1,-0.9,-0.4,1.3,0.8,-0.5,1.5,1.2,2.0,2.7,1.8,2.0,2.5,2.0,2.8
514,28.5636,0.4,-1.2,-0.3,0.9,0.5,2.0,0.3,-0.7,-3.0,-0.1,-0.9,-0.4,1.3,0.8,-0.5,1.5,1.2,2.0,2.7,1.8,2.0,2.5,2.0
515,34.1418,-0.8,0.4,-1.2,-0.3,0.9,0.5,2.0,0.3,-0.7,-3.0,-0.1,-0.9,-0.4,1.3,0.8,-0.5,1.5,1.2,2.0,2.7,1.8,2.0,2.5
516,20.8213,-0.4,-0.8,0.4,-1.2,-0.3,0.9,0.5,2.0,0.3,-0.7,-3.0,-0.1,-0.9,-0.4,1.3,0.8,-0.5,1.5,1.2,2.0,2.7,1.8,2.0
517,74.4249,1.0,-0.4,-0.8,0.4,-1.2,-0.3,0.9,0.5,2.0,0.3,-0.7,-3.0,-0.1,-0.9,-0.4,1.3,0.8,-0.5,1.5,1.2,2.0,2.7,1.8
518,323.9933,0.4,1.0,-0.4,-0.8,0.4,-1.2,-0.3,0.9,0.5,2.0,0.3,-0.7,-3.0,-0.1,-0.9,-0.4,1.3,0.8,-0.5,1.5,1.2,2.0,2.7
519,41.1944,-1.1,0.4,1.0,-0.4,-0.8,0.4,-1.2,-0.3,0.9,0.5,2.0,0.3,-0.7,-3.0,-0.1,-0.9,-0.4,1.3,0.8,-0.5,1.5,1.2,2.0
520,48.2672,-1.0,-1.1,0.4,1.0,-0.4,-0.8,0.4,-1.2,-0.3,0.9,0.5,2.0,0.3,-0.7,-3.0,-0.1,-0.9,-0.4,1.3,0.8,-0.5,1.5,1.2
521,19.7425,-1.7,-1.0,-1.1,0.4,1.0,-0.4,-0.8,0.4,-1.2,-0.3,0.9,0.5,2.0,0.3,-0.7,-3.0,-0.1,-0.9,-0.4,1.3,0.8,-0.5,1.5
522,6.6198,-0.2,-1.7,-1.0,-1.1,0.4,1.0,-0.4,-0.8,0.4,-1.2,-0.3,0.9,0.5,2.0,0.3,-0.7,-3.0,-0.1,-0.9,-0.4,1.3,0.8,-0.5
523,5.5326,0.0,-0.2,-1.7,-1.0,-1.1,0.4,1.0,-0.4,-0.8,0.4,-1.2,-0.3,0.9,0.5,2.0,0.3,-0.7,-3.0,-0.1,-0.9,-0.4,1.3,0.8
524,2.4005,-0.7,0.0,-0.2,-1.7,-1.0,-1.1,0.4,1.0,-0.4,-0.8,0.4,-1.2,-0.3,0.9,0.5,2.0,0.3,-0.7,-3.0,-0.1,-0.9,-0.4,1.3
525,47.5711,-2.5,-0.7,0.0,-0.2,-1.7,-1.0,-1.1,0.4,1.0,-0.4,-0.8,0.4,-1.2,-0.3,0.9,0.5,2.0,0.3,-0.7,-3.0,-0.1,-0.9,-0.4
526,48.4293,-1.7,-2.5,-0.7,0.0,-0.2,-1.7,-1.0,-1.1,0.4,1.0,-0.4,-0.8,0.4,-1.2,-0.3,0.9,0.5,2.0,0.3,-0.7,-3.0,-0.1,-0.9
527,85.4839,-1.1,-1.7,-2.5,-0.7,0.0,-0.2,-1.7,-1.0,-1.1,0.4,1.0,-0.4,-0.8,0.4,-1.2,-0.3,0.9,0.5,2.0,0.3,-0.7,-3.0,-0.1
528,58.0858,-2.9,-1.1,-1.7,-2.5,-0.7,0.0,-0.2,-1.7,-1.0,-1.1,0.4,1.0,-0.4,-0.8,0.4,-1.2,-0.3,0.9,0.5,2.0,0.3,-0.7,-3.0
529,204.62900000000002,-4.7,-2.9,-1.1,-1.7,-2.5,-0.7,0.0,-0.2,-1.7,-1.0,-1.1,0.4,1.0,-0.4,-0.8,0.4,-1.2,-0.3,0.9,0.5,2.0,0.3,-0.7
530,101.6506,-1.5,-4.7,-2.9,-1.1,-1.7,-2.5,-0.7,0.0,-0.2,-1.7,-1.0,-1.1,0.4,1.0,-0.4,-0.8,0.4,-1.2,-0.3,0.9,0.5,2.0,0.3
531,46.2556,-3.3,-1.5,-4.7,-2.9,-1.1,-1.7,-2.5,-0.7,0.0,-0.2,-1.7,-1.0,-1.1,0.4,1.0,-0.4,-0.8,0.4,-1.2,-0.3,0.9,0.5,2.0
532,5.537000000000001,-1.7,-3.3,-1.5,-4.7,-2.9,-1.1,-1.7,-2.5,-0.7,0.0,-0.2,-1.7,-1.0,-1.1,0.4,1.0,-0.4,-0.8,0.4,-1.2,-0.3,0.9,0.5
533,43.3009,0.4,-1.7,-3.3,-1.5,-4.7,-2.9,-1.1,-1.7,-2.5,-0.7,0.0,-0.2,-1.7,-1.0,-1.1,0.4,1.0,-0.4,-0.8,0.4,-1.2,-0.3,0.9
534,4.3705,-1.0,0.4,-1.7,-3.3,-1.5,-4.7,-2.9,-1.1,-1.7,-2.5,-0.7,0.0,-0.2,-1.7,-1.0,-1.1,0.4,1.0,-0.4,-0.8,0.4,-1.2,-0.3
535,2.3491,-1.0,-1.0,0.4,-1.7,-3.3,-1.5,-4.7,-2.9,-1.1,-1.7,-2.5,-0.7,0.0,-0.2,-1.7,-1.0,-1.1,0.4,1.0,-0.4,-0.8,0.4,-1.2
536,1.0564,0.6,-1.0,-1.0,0.4,-1.7,-3.3,-1.5,-4.7,-2.9,-1.1,-1.7,-2.5,-0.7,0.0,-0.2,-1.7,-1.0,-1.1,0.4,1.0,-0.4,-0.8,0.4
537,92.5366,0.1,0.6,-1.0,-1.0,0.4,-1.7,-3.3,-1.5,-4.7,-2.9,-1.1,-1.7,-2.5,-0.7,0.0,-0.2,-1.7,-1.0,-1.1,0.4,1.0,-0.4,-0.8
538,23.2065,-2.3,0.1,0.6,-1.0,-1.0,0.4,-1.7,-3.3,-1.5,-4.7,-2.9,-1.1,-1.7,-2.5,-0.7,0.0,-0.2,-1.7,-1.0,-1.1,0.4,1.0,-0.4
539,254.4192,-1.1,-2.3,0.1,0.6,-1.0,-1.0,0.4,-1.7,-3.3,-1.5,-4.7,-2.9,-1.1,-1.7,-2.5,-0.7,0.0,-0.2,-1.7,-1.0,-1.1,0.4,1.0
540,305.7524,-0.9,-1.1,-2.3,0.1,0.6,-1.0,-1.0,0.4,-1.7,-3.3,-1.5,-4.7,-2.9,-1.1,-1.7,-2.5,-0.7,0.0,-0.2,-1.7,-1.0,-1.1,0.4
541,200.6156,-1.5,-0.9,-1.1,-2.3,0.1,0.6,-1.0,-1.0,0.4,-1.7,-3.3,-1.5,-4.7,-2.9,-1.1,-1.7,-2.5,-0.7,0.0,-0.2,-1.7,-1.0,-1.1
542,114.554,-1.2,-1.5,-0.9,-1.1,-2.3,0.1,0.6,-1.0,-1.0,0.4,-1.7,-3.3,-1.5,-4.7,-2.9,-1.1,-1.7,-2.5,-0.7,0.0,-0.2,-1.7,-1.0
543,71.8802,-0.8,-1.2,-1.5,-0.9,-1.1,-2.3,0.1,0.6,-1.0,-1.0,0.4,-1.7,-3.3,-1.5,-4.7,-2.9,-1.1,-1.7,-2.5,-0.7,0.0,-0.2,-1.7
544,70.844,-1.9,-0.8,-1.2,-1.5,-0.9,-1.1,-2.3,0.1,0.6,-1.0,-1.0,0.4,-1.7,-3.3,-1.5,-4.7,-2.9,-1.1,-1.7,-2.5,-0.7,0.0,-0.2
545,45.5175,-0.6,-1.9,-0.8,-1.2,-1.5,-0.9,-1.1,-2.3,0.1,0.6,-1.0,-1.0,0.4,-1.7,-3.3,-1.5,-4.7,-2.9,-1.1,-1.7,-2.5,-0.7,0.0
546,0.8464,-1.4,-0.6,-1.9,-0.8,-1.2,-1.5,-0.9,-1.1,-2.3,0.1,0.6,-1.0,-1.0,0.4,-1.7,-3.3,-1.5,-4.7,-2.9,-1.1,-1.7,-2.5,-0.7
547,10.2942,-1.3,-1.4,-0.6,-1.9,-0.8,-1.2,-1.5,-0.9,-1.1,-2.3,0.1,0.6,-1.0,-1.0,0.4,-1.7,-3.3,-1.5,-4.7,-2.9,-1.1,-1.7,-2.5
548,2.2927,-1.6,-1.3,-1.4,-0.6,-1.9,-0.8,-1.2,-1.5,-0.9,-1.1,-2.3,0.1,0.6,-1.0,-1.0,0.4,-1.7,-3.3,-1.5,-4.7,-2.9,-1.1,-1.7
549,52.4281,-1.2,-1.6,-1.3,-1.4,-0.6,-1.9,-0.8,-1.2,-1.5,-0.9,-1.1,-2.3,0.1,0.6,-1.0,-1.0,0.4,-1.7,-3.3,-1.5,-4.7,-2.9,-1.1
550,58.8768,-1.8,-1.2,-1.6,-1.3,-1.4,-0.6,-1.9,-0.8,-1.2,-1.5,-0.9,-1.1,-2.3,0.1,0.6,-1.0,-1.0,0.4,-1.7,-3.3,-1.5,-4.7,-2.9
551,108.6641,-0.1,-1.8,-1.2,-1.6,-1.3,-1.4,-0.6,-1.9,-0.8,-1.2,-1.5,-0.9,-1.1,-2.3,0.1,0.6,-1.0,-1.0,0.4,-1.7,-3.3,-1.5,-4.7
552,70.7597,0.3,-0.1,-1.8,-1.2,-1.6,-1.3,-1.4,-0.6,-1.9,-0.8,-1.2,-1.5,-0.9,-1.1,-2.3,0.1,0.6,-1.0,-1.0,0.4,-1.7,-3.3,-1.5
553,147.5544,-0.2,0.3,-0.1,-1.8,-1.2,-1.6,-1.3,-1.4,-0.6,-1.9,-0.8,-1.2,-1.5,-0.9,-1.1,-2.3,0.1,0.6,-1.0,-1.0,0.4,-1.7,-3.3
554,30.2361,0.4,-0.2,0.3,-0.1,-1.8,-1.2,-1.6,-1.3,-1.4,-0.6,-1.9,-0.8,-1.2,-1.5,-0.9,-1.1,-2.3,0.1,0.6,-1.0,-1.0,0.4,-1.7
555,49.8674,-1.1,0.4,-0.2,0.3,-0.1,-1.8,-1.2,-1.6,-1.3,-1.4,-0.6,-1.9,-0.8,-1.2,-1.5,-0.9,-1.1,-2.3,0.1,0.6,-1.0,-1.0,0.4
556,56.9764,-2.1,-1.1,0.4,-0.2,0.3,-0.1,-1.8,-1.2,-1.6,-1.3,-1.4,-0.6,-1.9,-0.8,-1.2,-1.5,-0.9,-1.1,-2.3,0.1,0.6,-1.0,-1.0
557,5.7399,-1.1,-2.1,-1.1,0.4,-0.2,0.3,-0.1,-1.8,-1.2,-1.6,-1.3,-1.4,-0.6,-1.9,-0.8,-1.2,-1.5,-0.9,-1.1,-2.3,0.1,0.6,-1.0
558,0.8434,-0.7,-1.1,-2.1,-1.1,0.4,-0.2,0.3,-0.1,-1.8,-1.2,-1.6,-1.3,-1.4,-0.6,-1.9,-0.8,-1.2,-1.5,-0.9,-1.1,-2.3,0.1,0.6
559,0.0324,-2.2,-0.7,-1.1,-2.1,-1.1,0.4,-0.2,0.3,-0.1,-1.8,-1.2,-1.6,-1.3,-1.4,-0.6,-1.9,-0.8,-1.2,-1.5,-0.9,-1.1,-2.3,0.1
560,8.1898,-2.0,-2.2,-0.7,-1.1,-2.1,-1.1,0.4,-0.2,0.3,-0.1,-1.8,-1.2,-1.6,-1.3,-1.4,-0.6,-1.9,-0.8,-1.2,-1.5,-0.9,-1.1,-2.3
561,17.0868,-2.6,-2.0,-2.2,-0.7,-1.1,-2.1,-1.1,0.4,-0.2,0.3,-0.1,-1.8,-1.2,-1.6,-1.3,-1.4,-0.6,-1.9,-0.8,-1.2,-1.5,-0.9,-1.1
562,161.3723,-1.9,-2.6,-2.0,-2.2,-0.7,-1.1,-2.1,-1.1,0.4,-0.2,0.3,-0.1,-1.8,-1.2,-1.6,-1.3,-1.4,-0.6,-1.9,-0.8,-1.2,-1.5,-0.9
563,133.2699,-0.9,-1.9,-2.6,-2.0,-2.2,-0.7,-1.1,-2.1,-1.1,0.4,-0.2,0.3,-0.1,-1.8,-1.2,-1.6,-1.3,-1.4,-0.6,-1.9,-0.8,-1.2,-1.5
564,502.7952,-2.0,-0.9,-1.9,-2.6,-2.0,-2.2,-0.7,-1.1,-2.1,-1.1,0.4,-0.2,0.3,-0.1,-1.8,-1.2,-1.6,-1.3,-1.4,-0.6,-1.9,-0.8,-1.2
565,35.82,-0.7,-2.0,-0.9,-1.9,-2.6,-2.0,-2.2,-0.7,-1.1,-2.1,-1.1,0.4,-0.2,0.3,-0.1,-1.8,-1.2,-1.6,-1.3,-1.4,-0.6,-1.9,-0.8
566,393.7794,-0.2,-0.7,-2.0,-0.9,-1.9,-2.6,-2.0,-2.2,-0.7,-1.1,-2.1,-1.1,0.4,-0.2,0.3,-0.1,-1.8,-1.2,-1.6,-1.3,-1.4,-0.6,-1.9
567,130.2607,1.2,-0.2,-0.7,-2.0,-0.9,-1.9,-2.6,-2.0,-2.2,-0.7,-1.1,-2.1,-1.1,0.4,-0.2,0.3,-0.1,-1.8,-1.2,-1.6,-1.3,-1.4,-0.6
568,80.1823,-1.1,1.2,-0.2,-0.7,-2.0,-0.9,-1.9,-2.6,-2.0,-2.2,-0.7,-1.1,-2.1,-1.1,0.4,-0.2,0.3,-0.1,-1.8,-1.2,-1.6,-1.3,-1.4
569,53.0749,-0.6,-1.1,1.2,-0.2,-0.7,-2.0,-0.9,-1.9,-2.6,-2.0,-2.2,-0.7,-1.1,-2.1,-1.1,0.4,-0.2,0.3,-0.1,-1.8,-1.2,-1.6,-1.3
570,5.2602,0.2,-0.6,-1.1,1.2,-0.2,-0.7,-2.0,-0.9,-1.9,-2.6,-2.0,-2.2,-0.7,-1.1,-2.1,-1.1,0.4,-0.2,0.3,-0.1,-1.8,-1.2,-1.6
571,0.0402,0.7,0.2,-0.6,-1.1,1.2,-0.2,-0.7,-2.0,-0.9,-1.9,-2.6,-2.0,-2.2,-0.7,-1.1,-2.1,-1.1,0.4,-0.2,0.3,-0.1,-1.8,-1.2
572,0.2223,0.5,0.7,0.2,-0.6,-1.1,1.2,-0.2,-0.7,-2.0,-0.9,-1.9,-2.6,-2.0,-2.2,-0.7,-1.1,-2.1,-1.1,0.4,-0.2,0.3,-0.1,-1.8
573,1.8459,0.4,0.5,0.7,0.2,-0.6,-1.1,1.2,-0.2,-0.7,-2.0,-0.9,-1.9,-2.6,-2.0,-2.2,-0.7,-1.1,-2.1,-1.1,0.4,-0.2,0.3,-0.1
574,11.1523,0.0,0.4,0.5,0.7,0.2,-0.6,-1.1,1.2,-0.2,-0.7,-2.0,-0.9,-1.9,-2.6,-2.0,-2.2,-0.7,-1.1,-2.1,-1.1,0.4,-0.2,0.3
575,258.4445,0.1,0.0,0.4,0.5,0.7,0.2,-0.6,-1.1,1.2,-0.2,-0.7,-2.0,-0.9,-1.9,-2.6,-2.0,-2.2,-0.7,-1.1,-2.1,-1.1,0.4,-0.2
576,218.3261,-0.8,0.1,0.0,0.4,0.5,0.7,0.2,-0.6,-1.1,1.2,-0.2,-0.7,-2.0,-0.9,-1.9,-2.6,-2.0,-2.2,-0.7,-1.1,-2.1,-1.1,0.4
577,240.6167,1.6,-0.8,0.1,0.0,0.4,0.5,0.7,0.2,-0.6,-1.1,1.2,-0.2,-0.7,-2.0,-0.9,-1.9,-2.6,-2.0,-2.2,-0.7,-1.1,-2.1,-1.1
578,96.8592,0.4,1.6,-0.8,0.1,0.0,0.4,0.5,0.7,0.2,-0.6,-1.1,1.2,-0.2,-0.7,-2.0,-0.9,-1.9,-2.6,-2.0,-2.2,-0.7,-1.1,-2.1
579,104.2151,1.9,0.4,1.6,-0.8,0.1,0.0,0.4,0.5,0.7,0.2,-0.6,-1.1,1.2,-0.2,-0.7,-2.0,-0.9,-1.9,-2.6,-2.0,-2.2,-0.7,-1.1
580,122.6934,1.3,1.9,0.4,1.6,-0.8,0.1,0.0,0.4,0.5,0.7,0.2,-0.6,-1.1,1.2,-0.2,-0.7,-2.0,-0.9,-1.9,-2.6,-2.0,-2.2,-0.7
581,9.6078,0.5,1.3,1.9,0.4,1.6,-0.8,0.1,0.0,0.4,0.5,0.7,0.2,-0.6,-1.1,1.2,-0.2,-0.7,-2.0,-0.9,-1.9,-2.6,-2.0,-2.2
582,5.7882,1.9,0.5,1.3,1.9,0.4,1.6,-0.8,0.1,0.0,0.4,0.5,0.7,0.2,-0.6,-1.1,1.2,-0.2,-0.7,-2.0,-0.9,-1.9,-2.6,-2.0
583,1.6925,1.1,1.9,0.5,1.3,1.9,0.4,1.6,-0.8,0.1,0.0,0.4,0.5,0.7,0.2,-0.6,-1.1,1.2,-0.2,-0.7,-2.0,-0.9,-1.9,-2.6
584,13.1822,1.2,1.1,1.9,0.5,1.3,1.9,0.4,1.6,-0.8,0.1,0.0,0.4,0.5,0.7,0.2,-0.6,-1.1,1.2,-0.2,-0.7,-2.0,-0.9,-1.9
585,51.7283,1.0,1.2,1.1,1.9,0.5,1.3,1.9,0.4,1.6,-0.8,0.1,0.0,0.4,0.5,0.7,0.2,-0.6,-1.1,1.2,-0.2,-0.7,-2.0,-0.9
586,113.8749,1.0,1.0,1.2,1.1,1.9,0.5,1.3,1.9,0.4,1.6,-0.8,0.1,0.0,0.4,0.5,0.7,0.2,-0.6,-1.1,1.2,-0.2,-0.7,-2.0
587,394.5529,-0.1,1.0,1.0,1.2,1.1,1.9,0.5,1.3,1.9,0.4,1.6,-0.8,0.1,0.0,0.4,0.5,0.7,0.2,-0.6,-1.1,1.2,-0.2,-0.7
588,323.1494,1.5,-0.1,1.0,1.0,1.2,1.1,1.9,0.5,1.3,1.9,0.4,1.6,-0.8,0.1,0.0,0.4,0.5,0.7,0.2,-0.6,-1.1,1.2,-0.2
589,20.3462,0.8,1.5,-0.1,1.0,1.0,1.2,1.1,1.9,0.5,1.3,1.9,0.4,1.6,-0.8,0.1,0.0,0.4,0.5,0.7,0.2,-0.6,-1.1,1.2
590,48.4255,2.9,0.8,1.5,-0.1,1.0,1.0,1.2,1.1,1.9,0.5,1.3,1.9,0.4,1.6,-0.8,0.1,0.0,0.4,0.5,0.7,0.2,-0.6,-1.1
591,43.8239,-0.7,2.9,0.8,1.5,-0.1,1.0,1.0,1.2,1.1,1.9,0.5,1.3,1.9,0.4,1.6,-0.8,0.1,0.0,0.4,0.5,0.7,0.2,-0.6
592,18.7444,-1.0,-0.7,2.9,0.8,1.5,-0.1,1.0,1.0,1.2,1.1,1.9,0.5,1.3,1.9,0.4,1.6,-0.8,0.1,0.0,0.4,0.5,0.7,0.2
593,35.1761,-2.2,-1.0,-0.7,2.9,0.8,1.5,-0.1,1.0,1.0,1.2,1.1,1.9,0.5,1.3,1.9,0.4,1.6,-0.8,0.1,0.0,0.4,0.5,0.7
594,5.9813,-2.3,-2.2,-1.0,-0.7,2.9,0.8,1.5,-0.1,1.0,1.0,1.2,1.1,1.9,0.5,1.3,1.9,0.4,1.6,-0.8,0.1,0.0,0.4,0.5
595,14.234000000000002,-1.2,-2.3,-2.2,-1.0,-0.7,2.9,0.8,1.5,-0.1,1.0,1.0,1.2,1.1,1.9,0.5,1.3,1.9,0.4,1.6,-0.8,0.1,0.0,0.4
596,20.1507,-2.4,-1.2,-2.3,-2.2,-1.0,-0.7,2.9,0.8,1.5,-0.1,1.0,1.0,1.2,1.1,1.9,0.5,1.3,1.9,0.4,1.6,-0.8,0.1,0.0
597,56.1535,-2.4,-2.4,-1.2,-2.3,-2.2,-1.0,-0.7,2.9,0.8,1.5,-0.1,1.0,1.0,1.2,1.1,1.9,0.5,1.3,1.9,0.4,1.6,-0.8,0.1
598,176.1168,-2.4,-2.4,-2.4,-1.2,-2.3,-2.2,-1.0,-0.7,2.9,0.8,1.5,-0.1,1.0,1.0,1.2,1.1,1.9,0.5,1.3,1.9,0.4,1.6,-0.8
599,89.9233,-2.0,-2.4,-2.4,-2.4,-1.2,-2.3,-2.2,-1.0,-0.7,2.9,0.8,1.5,-0.1,1.0,1.0,1.2,1.1,1.9,0.5,1.3,1.9,0.4,1.6
600,312.8697,-1.6,-2.0,-2.4,-2.4,-2.4,-1.2,-2.3,-2.2,-1.0,-0.7,2.9,0.8,1.5,-0.1,1.0,1.0,1.2,1.1,1.9,0.5,1.3,1.9,0.4
601,389.8763,-4.4,-1.6,-2.0,-2.4,-2.4,-2.4,-1.2,-2.3,-2.2,-1.0,-0.7,2.9,0.8,1.5,-0.1,1.0,1.0,1.2,1.1,1.9,0.5,1.3,1.9
602,133.4759,-3.4,-4.4,-1.6,-2.0,-2.4,-2.4,-2.4,-1.2,-2.3,-2.2,-1.0,-0.7,2.9,0.8,1.5,-0.1,1.0,1.0,1.2,1.1,1.9,0.5,1.3
603,89.5688,-4.0,-3.4,-4.4,-1.6,-2.0,-2.4,-2.4,-2.4,-1.2,-2.3,-2.2,-1.0,-0.7,2.9,0.8,1.5,-0.1,1.0,1.0,1.2,1.1,1.9,0.5
604,157.9873,-2.4,-4.0,-3.4,-4.4,-1.6,-2.0,-2.4,-2.4,-2.4,-1.2,-2.3,-2.2,-1.0,-0.7,2.9,0.8,1.5,-0.1,1.0,1.0,1.2,1.1,1.9
605,42.9524,0.4,-2.4,-4.0,-3.4,-4.4,-1.6,-2.0,-2.4,-2.4,-2.4,-1.2,-2.3,-2.2,-1.0,-0.7,2.9,0.8,1.5,-0.1,1.0,1.0,1.2,1.1
606,5.9206,1.6,0.4,-2.4,-4.0,-3.4,-4.4,-1.6,-2.0,-2.4,-2.4,-2.4,-1.2,-2.3,-2.2,-1.0,-0.7,2.9,0.8,1.5,-0.1,1.0,1.0,1.2
607,0.6273,2.0,1.6,0.4,-2.4,-4.0,-3.4,-4.4,-1.6,-2.0,-2.4,-2.4,-2.4,-1.2,-2.3,-2.2,-1.0,-0.7,2.9,0.8,1.5,-0.1,1.0,1.0
608,24.8949,1.9,2.0,1.6,0.4,-2.4,-4.0,-3.4,-4.4,-1.6,-2.0,-2.4,-2.4,-2.4,-1.2,-2.3,-2.2,-1.0,-0.7,2.9,0.8,1.5,-0.1,1.0
609,33.6494,1.7,1.9,2.0,1.6,0.4,-2.4,-4.0,-3.4,-4.4,-1.6,-2.0,-2.4,-2.4,-2.4,-1.2,-2.3,-2.2,-1.0,-0.7,2.9,0.8,1.5,-0.1
610,212.72400000000002,1.8,1.7,1.9,2.0,1.6,0.4,-2.4,-4.0,-3.4,-4.4,-1.6,-2.0,-2.4,-2.4,-2.4,-1.2,-2.3,-2.2,-1.0,-0.7,2.9,0.8,1.5
611,71.3998,1.7,1.8,1.7,1.9,2.0,1.6,0.4,-2.4,-4.0,-3.4,-4.4,-1.6,-2.0,-2.4,-2.4,-2.4,-1.2,-2.3,-2.2,-1.0,-0.7,2.9,0.8
612,128.1039,2.3,1.7,1.8,1.7,1.9,2.0,1.6,0.4,-2.4,-4.0,-3.4,-4.4,-1.6,-2.0,-2.4,-2.4,-2.4,-1.2,-2.3,-2.2,-1.0,-0.7,2.9
613,235.2925,3.0,2.3,1.7,1.8,1.7,1.9,2.0,1.6,0.4,-2.4,-4.0,-3.4,-4.4,-1.6,-2.0,-2.4,-2.4,-2.4,-1.2,-2.3,-2.2,-1.0,-0.7
614,93.0306,1.6,3.0,2.3,1.7,1.8,1.7,1.9,2.0,1.6,0.4,-2.4,-4.0,-3.4,-4.4,-1.6,-2.0,-2.4,-2.4,-2.4,-1.2,-2.3,-2.2,-1.0
615,53.7623,2.1,1.6,3.0,2.3,1.7,1.8,1.7,1.9,2.0,1.6,0.4,-2.4,-4.0,-3.4,-4.4,-1.6,-2.0,-2.4,-2.4,-2.4,-1.2,-2.3,-2.2
616,12.73,2.3,2.1,1.6,3.0,2.3,1.7,1.8,1.7,1.9,2.0,1.6,0.4,-2.4,-4.0,-3.4,-4.4,-1.6,-2.0,-2.4,-2.4,-2.4,-1.2,-2.3
617,15.0497,0.4,2.3,2.1,1.6,3.0,2.3,1.7,1.8,1.7,1.9,2.0,1.6,0.4,-2.4,-4.0,-3.4,-4.4,-1.6,-2.0,-2.4,-2.4,-2.4,-1.2
618,1.0741,0.4,0.4,2.3,2.1,1.6,3.0,2.3,1.7,1.8,1.7,1.9,2.0,1.6,0.4,-2.4,-4.0,-3.4,-4.4,-1.6,-2.0,-2.4,-2.4,-2.4
619,9.8281,0.9,0.4,0.4,2.3,2.1,1.6,3.0,2.3,1.7,1.8,1.7,1.9,2.0,1.6,0.4,-2.4,-4.0,-3.4,-4.4,-1.6,-2.0,-2.4,-2.4
620,0.8532,0.6,0.9,0.4,0.4,2.3,2.1,1.6,3.0,2.3,1.7,1.8,1.7,1.9,2.0,1.6,0.4,-2.4,-4.0,-3.4,-4.4,-1.6,-2.0,-2.4
621,41.0822,-0.1,0.6,0.9,0.4,0.4,2.3,2.1,1.6,3.0,2.3,1.7,1.8,1.7,1.9,2.0,1.6,0.4,-2.4,-4.0,-3.4,-4.4,-1.6,-2.0
622,104.428,1.6,-0.1,0.6,0.9,0.4,0.4,2.3,2.1,1.6,3.0,2.3,1.7,1.8,1.7,1.9,2.0,1.6,0.4,-2.4,-4.0,-3.4,-4.4,-1.6
623,26.3306,1.7,1.6,-0.1,0.6,0.9,0.4,0.4,2.3,2.1,1.6,3.0,2.3,1.7,1.8,1.7,1.9,2.0,1.6,0.4,-2.4,-4.0,-3.4,-4.4
624,229.7074,2.4,1.7,1.6,-0.1,0.6,0.9,0.4,0.4,2.3,2.1,1.6,3.0,2.3,1.7,1.8,1.7,1.9,2.0,1.6,0.4,-2.4,-4.0,-3.4
625,285.0769,1.1,2.4,1.7,1.6,-0.1,0.6,0.9,0.4,0.4,2.3,2.1,1.6,3.0,2.3,1.7,1.8,1.7,1.9,2.0,1.6,0.4,-2.4,-4.0
626,76.7998,2.7,1.1,2.4,1.7,1.6,-0.1,0.6,0.9,0.4,0.4,2.3,2.1,1.6,3.0,2.3,1.7,1.8,1.7,1.9,2.0,1.6,0.4,-2.4
627,71.3979,2.2,2.7,1.1,2.4,1.7,1.6,-0.1,0.6,0.9,0.4,0.4,2.3,2.1,1.6,3.0,2.3,1.7,1.8,1.7,1.9,2.0,1.6,0.4
628,47.351000000000006,2.0,2.2,2.7,1.1,2.4,1.7,1.6,-0.1,0.6,0.9,0.4,0.4,2.3,2.1,1.6,3.0,2.3,1.7,1.8,1.7,1.9,2.0,1.6
629,13.3649,0.6,2.0,2.2,2.7,1.1,2.4,1.7,1.6,-0.1,0.6,0.9,0.4,0.4,2.3,2.1,1.6,3.0,2.3,1.7,1.8,1.7,1.9,2.0
630,3.8283,-0.3,0.6,2.0,2.2,2.7,1.1,2.4,1.7,1.6,-0.1,0.6,0.9,0.4,0.4,2.3,2.1,1.6,3.0,2.3,1.7,1.8,1.7,1.9
631,1.0868,-0.3,-0.3,0.6,2.0,2.2,2.7,1.1,2.4,1.7,1.6,-0.1,0.6,0.9,0.4,0.4,2.3,2.1,1.6,3.0,2.3,1.7,1.8,1.7
632,23.7084,1.2,-0.3,-0.3,0.6,2.0,2.2,2.7,1.1,2.4,1.7,1.6,-0.1,0.6,0.9,0.4,0.4,2.3,2.1,1.6,3.0,2.3,1.7,1.8
633,92.3418,1.4,1.2,-0.3,-0.3,0.6,2.0,2.2,2.7,1.1,2.4,1.7,1.6,-0.1,0.6,0.9,0.4,0.4,2.3,2.1,1.6,3.0,2.3,1.7
634,38.6754,1.8,1.4,1.2,-0.3,-0.3,0.6,2.0,2.2,2.7,1.1,2.4,1.7,1.6,-0.1,0.6,0.9,0.4,0.4,2.3,2.1,1.6,3.0,2.3
635,38.4034,3.0,1.8,1.4,1.2,-0.3,-0.3,0.6,2.0,2.2,2.7,1.1,2.4,1.7,1.6,-0.1,0.6,0.9,0.4,0.4,2.3,2.1,1.6,3.0
636,109.8254,1.3,3.0,1.8,1.4,1.2,-0.3,-0.3,0.6,2.0,2.2,2.7,1.1,2.4,1.7,1.6,-0.1,0.6,0.9,0.4,0.4,2.3,2.1,1.6
637,151.3634,1.6,1.3,3.0,1.8,1.4,1.2,-0.3,-0.3,0.6,2.0,2.2,2.7,1.1,2.4,1.7,1.6,-0.1,0.6,0.9,0.4,0.4,2.3,2.1
638,75.3828,2.8,1.6,1.3,3.0,1.8,1.4,1.2,-0.3,-0.3,0.6,2.0,2.2,2.7,1.1,2.4,1.7,1.6,-0.1,0.6,0.9,0.4,0.4,2.3
639,64.3933,1.5,2.8,1.6,1.3,3.0,1.8,1.4,1.2,-0.3,-0.3,0.6,2.0,2.2,2.7,1.1,2.4,1.7,1.6,-0.1,0.6,0.9,0.4,0.4
640,2.3306,0.3,1.5,2.8,1.6,1.3,3.0,1.8,1.4,1.2,-0.3,-0.3,0.6,2.0,2.2,2.7,1.1,2.4,1.7,1.6,-0.1,0.6,0.9,0.4
641,13.3809,-0.8,0.3,1.5,2.8,1.6,1.3,3.0,1.8,1.4,1.2,-0.3,-0.3,0.6,2.0,2.2,2.7,1.1,2.4,1.7,1.6,-0.1,0.6,0.9
642,2.0887,0.5,-0.8,0.3,1.5,2.8,1.6,1.3,3.0,1.8,1.4,1.2,-0.3,-0.3,0.6,2.0,2.2,2.7,1.1,2.4,1.7,1.6,-0.1,0.6
643,0.2629,-0.3,0.5,-0.8,0.3,1.5,2.8,1.6,1.3,3.0,1.8,1.4,1.2,-0.3,-0.3,0.6,2.0,2.2,2.7,1.1,2.4,1.7,1.6,-0.1
644,17.9294,-0.7,-0.3,0.5,-0.8,0.3,1.5,2.8,1.6,1.3,3.0,1.8,1.4,1.2,-0.3,-0.3,0.6,2.0,2.2,2.7,1.1,2.4,1.7,1.6
645,32.965,0.3,-0.7,-0.3,0.5,-0.8,0.3,1.5,2.8,1.6,1.3,3.0,1.8,1.4,1.2,-0.3,-0.3,0.6,2.0,2.2,2.7,1.1,2.4,1.7
646,181.1309,-0.1,0.3,-0.7,-0.3,0.5,-0.8,0.3,1.5,2.8,1.6,1.3,3.0,1.8,1.4,1.2,-0.3,-0.3,0.6,2.0,2.2,2.7,1.1,2.4
647,244.4552,1.1,-0.1,0.3,-0.7,-0.3,0.5,-0.8,0.3,1.5,2.8,1.6,1.3,3.0,1.8,1.4,1.2,-0.3,-0.3,0.6,2.0,2.2,2.7,1.1
648,102.9952,-1.4,1.1,-0.1,0.3,-0.7,-0.3,0.5,-0.8,0.3,1.5,2.8,1.6,1.3,3.0,1.8,1.4,1.2,-0.3,-0.3,0.6,2.0,2.2,2.7
649,61.4715,0.7,-1.4,1.1,-0.1,0.3,-0.7,-0.3,0.5,-0.8,0.3,1.5,2.8,1.6,1.3,3.0,1.8,1.4,1.2,-0.3,-0.3,0.6,2.0,2.2
650,89.28399999999999,1.8,0.7,-1.4,1.1,-0.1,0.3,-0.7,-0.3,0.5,-0.8,0.3,1.5,2.8,1.6,1.3,3.0,1.8,1.4,1.2,-0.3,-0.3,0.6,2.0
651,39.5339,-0.4,1.8,0.7,-1.4,1.1,-0.1,0.3,-0.7,-0.3,0.5,-0.8,0.3,1.5,2.8,1.6,1.3,3.0,1.8,1.4,1.2,-0.3,-0.3,0.6
652,31.0779,-0.1,-0.4,1.8,0.7,-1.4,1.1,-0.1,0.3,-0.7,-0.3,0.5,-0.8,0.3,1.5,2.8,1.6,1.3,3.0,1.8,1.4,1.2,-0.3,-0.3
653,2.3964,-1.4,-0.1,-0.4,1.8,0.7,-1.4,1.1,-0.1,0.3,-0.7,-0.3,0.5,-0.8,0.3,1.5,2.8,1.6,1.3,3.0,1.8,1.4,1.2,-0.3
654,0.8806,-0.4,-1.4,-0.1,-0.4,1.8,0.7,-1.4,1.1,-0.1,0.3,-0.7,-0.3,0.5,-0.8,0.3,1.5,2.8,1.6,1.3,3.0,1.8,1.4,1.2
655,0.126,-0.8,-0.4,-1.4,-0.1,-0.4,1.8,0.7,-1.4,1.1,-0.1,0.3,-0.7,-0.3,0.5,-0.8,0.3,1.5,2.8,1.6,1.3,3.0,1.8,1.4
656,0.8084,-1.6,-0.8,-0.4,-1.4,-0.1,-0.4,1.8,0.7,-1.4,1.1,-0.1,0.3,-0.7,-0.3,0.5,-0.8,0.3,1.5,2.8,1.6,1.3,3.0,1.8
657,0.8189,-1.0,-1.6,-0.8,-0.4,-1.4,-0.1,-0.4,1.8,0.7,-1.4,1.1,-0.1,0.3,-0.7,-0.3,0.5,-0.8,0.3,1.5,2.8,1.6,1.3,3.0
658,109.9504,-0.6,-1.0,-1.6,-0.8,-0.4,-1.4,-0.1,-0.4,1.8,0.7,-1.4,1.1,-0.1,0.3,-0.7,-0.3,0.5,-0.8,0.3,1.5,2.8,1.6,1.3
659,366.4191,-0.7,-0.6,-1.0,-1.6,-0.8,-0.4,-1.4,-0.1,-0.4,1.8,0.7,-1.4,1.1,-0.1,0.3,-0.7,-0.3,0.5,-0.8,0.3,1.5,2.8,1.6
660,108.4047,-1.8,-0.7,-0.6,-1.0,-1.6,-0.8,-0.4,-1.4,-0.1,-0.4,1.8,0.7,-1.4,1.1,-0.1,0.3,-0.7,-0.3,0.5,-0.8,0.3,1.5,2.8
661,58.5654,-0.3,-1.8,-0.7,-0.6,-1.0,-1.6,-0.8,-0.4,-1.4,-0.1,-0.4,1.8,0.7,-1.4,1.1,-0.1,0.3,-0.7,-0.3,0.5,-0.8,0.3,1.5
662,112.2246,-1.1,-0.3,-1.8,-0.7,-0.6,-1.0,-1.6,-0.8,-0.4,-1.4,-0.1,-0.4,1.8,0.7,-1.4,1.1,-0.1,0.3,-0.7,-0.3,0.5,-0.8,0.3
663,170.6474,-0.5,-1.1,-0.3,-1.8,-0.7,-0.6,-1.0,-1.6,-0.8,-0.4,-1.4,-0.1,-0.4,1.8,0.7,-1.4,1.1,-0.1,0.3,-0.7,-0.3,0.5,-0.8
664,46.7062,-0.2,-0.5,-1.1,-0.3,-1.8,-0.7,-0.6,-1.0,-1.6,-0.8,-0.4,-1.4,-0.1,-0.4,1.8,0.7,-1.4,1.1,-0.1,0.3,-0.7,-0.3,0.5
665,1.7252,-0.5,-0.2,-0.5,-1.1,-0.3,-1.8,-0.7,-0.6,-1.0,-1.6,-0.8,-0.4,-1.4,-0.1,-0.4,1.8,0.7,-1.4,1.1,-0.1,0.3,-0.7,-0.3
666,2.3717,-1.0,-0.5,-0.2,-0.5,-1.1,-0.3,-1.8,-0.7,-0.6,-1.0,-1.6,-0.8,-0.4,-1.4,-0.1,-0.4,1.8,0.7,-1.4,1.1,-0.1,0.3,-0.7
667,20.1131,0.5,-1.0,-0.5,-0.2,-0.5,-1.1,-0.3,-1.8,-0.7,-0.6,-1.0,-1.6,-0.8,-0.4,-1.4,-0.1,-0.4,1.8,0.7,-1.4,1.1,-0.1,0.3
668,3.9453,0.2,0.5,-1.0,-0.5,-0.2,-0.5,-1.1,-0.3,-1.8,-0.7,-0.6,-1.0,-1.6,-0.8,-0.4,-1.4,-0.1,-0.4,1.8,0.7,-1.4,1.1,-0.1
669,3.1757,-0.2,0.2,0.5,-1.0,-0.5,-0.2,-0.5,-1.1,-0.3,-1.8,-0.7,-0.6,-1.0,-1.6,-0.8,-0.4,-1.4,-0.1,-0.4,1.8,0.7,-1.4,1.1
670,100.7192,0.0,-0.2,0.2,0.5,-1.0,-0.5,-0.2,-0.5,-1.1,-0.3,-1.8,-0.7,-0.6,-1.0,-1.6,-0.8,-0.4,-1.4,-0.1,-0.4,1.8,0.7,-1.4
671,275.5151,-0.5,0.0,-0.2,0.2,0.5,-1.0,-0.5,-0.2,-0.5,-1.1,-0.3,-1.8,-0.7,-0.6,-1.0,-1.6,-0.8,-0.4,-1.4,-0.1,-0.4,1.8,0.7
672,99.1228,1.8,-0.5,0.0,-0.2,0.2,0.5,-1.0,-0.5,-0.2,-0.5,-1.1,-0.3,-1.8,-0.7,-0.6,-1.0,-1.6,-0.8,-0.4,-1.4,-0.1,-0.4,1.8
673,240.0407,-2.2,1.8,-0.5,0.0,-0.2,0.2,0.5,-1.0,-0.5,-0.2,-0.5,-1.1,-0.3,-1.8,-0.7,-0.6,-1.0,-1.6,-0.8,-0.4,-1.4,-0.1,-0.4
674,40.0524,2.0,-2.2,1.8,-0.5,0.0,-0.2,0.2,0.5,-1.0,-0.5,-0.2,-0.5,-1.1,-0.3,-1.8,-0.7,-0.6,-1.0,-1.6,-0.8,-0.4,-1.4,-0.1
675,25.9619,0.7,2.0,-2.2,1.8,-0.5,0.0,-0.2,0.2,0.5,-1.0,-0.5,-0.2,-0.5,-1.1,-0.3,-1.8,-0.7,-0.6,-1.0,-1.6,-0.8,-0.4,-1.4
676,29.0289,-1.5,0.7,2.0,-2.2,1.8,-0.5,0.0,-0.2,0.2,0.5,-1.0,-0.5,-0.2,-0.5,-1.1,-0.3,-1.8,-0.7,-0.6,-1.0,-1.6,-0.8,-0.4
677,4.2173,1.7,-1.5,0.7,2.0,-2.2,1.8,-0.5,0.0,-0.2,0.2,0.5,-1.0,-0.5,-0.2,-0.5,-1.1,-0.3,-1.8,-0.7,-0.6,-1.0,-1.6,-0.8
678,1.11,-1.4,1.7,-1.5,0.7,2.0,-2.2,1.8,-0.5,0.0,-0.2,0.2,0.5,-1.0,-0.5,-0.2,-0.5,-1.1,-0.3,-1.8,-0.7,-0.6,-1.0,-1.6
679,2.2607,-0.8,-1.4,1.7,-1.5,0.7,2.0,-2.2,1.8,-0.5,0.0,-0.2,0.2,0.5,-1.0,-0.5,-0.2,-0.5,-1.1,-0.3,-1.8,-0.7,-0.6,-1.0
680,6.0853,-0.5,-0.8,-1.4,1.7,-1.5,0.7,2.0,-2.2,1.8,-0.5,0.0,-0.2,0.2,0.5,-1.0,-0.5,-0.2,-0.5,-1.1,-0.3,-1.8,-0.7,-0.6
681,127.5235,-0.6,-0.5,-0.8,-1.4,1.7,-1.5,0.7,2.0,-2.2,1.8,-0.5,0.0,-0.2,0.2,0.5,-1.0,-0.5,-0.2,-0.5,-1.1,-0.3,-1.8,-0.7
682,66.6965,-0.1,-0.6,-0.5,-0.8,-1.4,1.7,-1.5,0.7,2.0,-2.2,1.8,-0.5,0.0,-0.2,0.2,0.5,-1.0,-0.5,-0.2,-0.5,-1.1,-0.3,-1.8
683,193.1669,-1.1,-0.1,-0.6,-0.5,-0.8,-1.4,1.7,-1.5,0.7,2.0,-2.2,1.8,-0.5,0.0,-0.2,0.2,0.5,-1.0,-0.5,-0.2,-0.5,-1.1,-0.3
684,148.2898,-1.3,-1.1,-0.1,-0.6,-0.5,-0.8,-1.4,1.7,-1.5,0.7,2.0,-2.2,1.8,-0.5,0.0,-0.2,0.2,0.5,-1.0,-0.5,-0.2,-0.5,-1.1
685,90.2635,0.6,-1.3,-1.1,-0.1,-0.6,-0.5,-0.8,-1.4,1.7,-1.5,0.7,2.0,-2.2,1.8,-0.5,0.0,-0.2,0.2,0.5,-1.0,-0.5,-0.2,-0.5
686,142.338,-5.2,0.6,-1.3,-1.1,-0.1,-0.6,-0.5,-0.8,-1.4,1.7,-1.5,0.7,2.0,-2.2,1.8,-0.5,0.0,-0.2,0.2,0.5,-1.0,-0.5,-0.2
687,67.6608,0.5,-5.2,0.6,-1.3,-1.1,-0.1,-0.6,-0.5,-0.8,-1.4,1.7,-1.5,0.7,2.0,-2.2,1.8,-0.5,0.0,-0.2,0.2,0.5,-1.0,-0.5
688,136.1154,-1.0,0.5,-5.2,0.6,-1.3,-1.1,-0.1,-0.6,-0.5,-0.8,-1.4,1.7,-1.5,0.7,2.0,-2.2,1.8,-0.5,0.0,-0.2,0.2,0.5,-1.0
689,39.1145,-1.3,-1.0,0.5,-5.2,0.6,-1.3,-1.1,-0.1,-0.6,-0.5,-0.8,-1.4,1.7,-1.5,0.7,2.0,-2.2,1.8,-0.5,0.0,-0.2,0.2,0.5
690,0.1783,0.7,-1.3,-1.0,0.5,-5.2,0.6,-1.3,-1.1,-0.1,-0.6,-0.5,-0.8,-1.4,1.7,-1.5,0.7,2.0,-2.2,1.8,-0.5,0.0,-0.2,0.2
691,0.3999,0.3,0.7,-1.3,-1.0,0.5,-5.2,0.6,-1.3,-1.1,-0.1,-0.6,-0.5,-0.8,-1.4,1.7,-1.5,0.7,2.0,-2.2,1.8,-0.5,0.0,-0.2
692,7.2945,-0.6,0.3,0.7,-1.3,-1.0,0.5,-5.2,0.6,-1.3,-1.1,-0.1,-0.6,-0.5,-0.8,-1.4,1.7,-1.5,0.7,2.0,-2.2,1.8,-0.5,0.0
693,26.2705,0.6,-0.6,0.3,0.7,-1.3,-1.0,0.5,-5.2,0.6,-1.3,-1.1,-0.1,-0.6,-0.5,-0.8,-1.4,1.7,-1.5,0.7,2.0,-2.2,1.8,-0.5
694,119.0015,2.0,0.6,-0.6,0.3,0.7,-1.3,-1.0,0.5,-5.2,0.6,-1.3,-1.1,-0.1,-0.6,-0.5,-0.8,-1.4,1.7,-1.5,0.7,2.0,-2.2,1.8
695,405.4587,-0.3,2.0,0.6,-0.6,0.3,0.7,-1.3,-1.0,0.5,-5.2,0.6,-1.3,-1.1,-0.1,-0.6,-0.5,-0.8,-1.4,1.7,-1.5,0.7,2.0,-2.2
696,162.1236,-0.0,-0.3,2.0,0.6,-0.6,0.3,0.7,-1.3,-1.0,0.5,-5.2,0.6,-1.3,-1.1,-0.1,-0.6,-0.5,-0.8,-1.4,1.7,-1.5,0.7,2.0
697,123.9131,2.7,-0.0,-0.3,2.0,0.6,-0.6,0.3,0.7,-1.3,-1.0,0.5,-5.2,0.6,-1.3,-1.1,-0.1,-0.6,-0.5,-0.8,-1.4,1.7,-1.5,0.7
698,233.1081,0.2,2.7,-0.0,-0.3,2.0,0.6,-0.6,0.3,0.7,-1.3,-1.0,0.5,-5.2,0.6,-1.3,-1.1,-0.1,-0.6,-0.5,-0.8,-1.4,1.7,-1.5
699,197.7085,2.9,0.2,2.7,-0.0,-0.3,2.0,0.6,-0.6,0.3,0.7,-1.3,-1.0,0.5,-5.2,0.6,-1.3,-1.1,-0.1,-0.6,-0.5,-0.8,-1.4,1.7
700,26.0874,1.8,2.9,0.2,2.7,-0.0,-0.3,2.0,0.6,-0.6,0.3,0.7,-1.3,-1.0,0.5,-5.2,0.6,-1.3,-1.1,-0.1,-0.6,-0.5,-0.8,-1.4
701,6.1927,-0.8,1.8,2.9,0.2,2.7,-0.0,-0.3,2.0,0.6,-0.6,0.3,0.7,-1.3,-1.0,0.5,-5.2,0.6,-1.3,-1.1,-0.1,-0.6,-0.5,-0.8
702,0.6464,-0.4,-0.8,1.8,2.9,0.2,2.7,-0.0,-0.3,2.0,0.6,-0.6,0.3,0.7,-1.3,-1.0,0.5,-5.2,0.6,-1.3,-1.1,-0.1,-0.6,-0.5
703,0.9499,-1.0,-0.4,-0.8,1.8,2.9,0.2,2.7,-0.0,-0.3,2.0,0.6,-0.6,0.3,0.7,-1.3,-1.0,0.5,-5.2,0.6,-1.3,-1.1,-0.1,-0.6
704,0.3851,-1.7,-1.0,-0.4,-0.8,1.8,2.9,0.2,2.7,-0.0,-0.3,2.0,0.6,-0.6,0.3,0.7,-1.3,-1.0,0.5,-5.2,0.6,-1.3,-1.1,-0.1
705,10.1678,-1.0,-1.7,-1.0,-0.4,-0.8,1.8,2.9,0.2,2.7,-0.0,-0.3,2.0,0.6,-0.6,0.3,0.7,-1.3,-1.0,0.5,-5.2,0.6,-1.3,-1.1
706,95.2108,-2.1,-1.0,-1.7,-1.0,-0.4,-0.8,1.8,2.9,0.2,2.7,-0.0,-0.3,2.0,0.6,-0.6,0.3,0.7,-1.3,-1.0,0.5,-5.2,0.6,-1.3
707,134.1071,0.1,-2.1,-1.0,-1.7,-1.0,-0.4,-0.8,1.8,2.9,0.2,2.7,-0.0,-0.3,2.0,0.6,-0.6,0.3,0.7,-1.3,-1.0,0.5,-5.2,0.6
708,19.3651,-0.5,0.1,-2.1,-1.0,-1.7,-1.0,-0.4,-0.8,1.8,2.9,0.2,2.7,-0.0,-0.3,2.0,0.6,-0.6,0.3,0.7,-1.3,-1.0,0.5,-5.2
709,199.4487,-1.3,-0.5,0.1,-2.1,-1.0,-1.7,-1.0,-0.4,-0.8,1.8,2.9,0.2,2.7,-0.0,-0.3,2.0,0.6,-0.6,0.3,0.7,-1.3,-1.0,0.5
710,27.1329,-0.1,-1.3,-0.5,0.1,-2.1,-1.0,-1.7,-1.0,-0.4,-0.8,1.8,2.9,0.2,2.7,-0.0,-0.3,2.0,0.6,-0.6,0.3,0.7,-1.3,-1.0
711,56.7368,0.3,-0.1,-1.3,-0.5,0.1,-2.1,-1.0,-1.7,-1.0,-0.4,-0.8,1.8,2.9,0.2,2.7,-0.0,-0.3,2.0,0.6,-0.6,0.3,0.7,-1.3
712,19.294,-0.2,0.3,-0.1,-1.3,-0.5,0.1,-2.1,-1.0,-1.7,-1.0,-0.4,-0.8,1.8,2.9,0.2,2.7,-0.0,-0.3,2.0,0.6,-0.6,0.3,0.7
713,8.4371,-0.2,-0.2,0.3,-0.1,-1.3,-0.5,0.1,-2.1,-1.0,-1.7,-1.0,-0.4,-0.8,1.8,2.9,0.2,2.7,-0.0,-0.3,2.0,0.6,-0.6,0.3
714,6.9082,0.9,-0.2,-0.2,0.3,-0.1,-1.3,-0.5,0.1,-2.1,-1.0,-1.7,-1.0,-0.4,-0.8,1.8,2.9,0.2,2.7,-0.0,-0.3,2.0,0.6,-0.6
715,0.7867,-0.5,0.9,-0.2,-0.2,0.3,-0.1,-1.3,-0.5,0.1,-2.1,-1.0,-1.7,-1.0,-0.4,-0.8,1.8,2.9,0.2,2.7,-0.0,-0.3,2.0,0.6
716,17.9162,0.7,-0.5,0.9,-0.2,-0.2,0.3,-0.1,-1.3,-0.5,0.1,-2.1,-1.0,-1.7,-1.0,-0.4,-0.8,1.8,2.9,0.2,2.7,-0.0,-0.3,2.0
717,68.4712,0.3,0.7,-0.5,0.9,-0.2,-0.2,0.3,-0.1,-1.3,-0.5,0.1,-2.1,-1.0,-1.7,-1.0,-0.4,-0.8,1.8,2.9,0.2,2.7,-0.0,-0.3
718,24.9815,1.2,0.3,0.7,-0.5,0.9,-0.2,-0.2,0.3,-0.1,-1.3,-0.5,0.1,-2.1,-1.0,-1.7,-1.0,-0.4,-0.8,1.8,2.9,0.2,2.7,-0.0
719,122.9149,1.4,1.2,0.3,0.7,-0.5,0.9,-0.2,-0.2,0.3,-0.1,-1.3,-0.5,0.1,-2.1,-1.0,-1.7,-1.0,-0.4,-0.8,1.8,2.9,0.2,2.7
720,255.0259,2.7,1.4,1.2,0.3,0.7,-0.5,0.9,-0.2,-0.2,0.3,-0.1,-1.3,-0.5,0.1,-2.1,-1.0,-1.7,-1.0,-0.4,-0.8,1.8,2.9,0.2
721,108.5081,2.9,2.7,1.4,1.2,0.3,0.7,-0.5,0.9,-0.2,-0.2,0.3,-0.1,-1.3,-0.5,0.1,-2.1,-1.0,-1.7,-1.0,-0.4,-0.8,1.8,2.9
722,23.409000000000002,4.4,2.9,2.7,1.4,1.2,0.3,0.7,-0.5,0.9,-0.2,-0.2,0.3,-0.1,-1.3,-0.5,0.1,-2.1,-1.0,-1.7,-1.0,-0.4,-0.8,1.8
723,13.1402,2.4,4.4,2.9,2.7,1.4,1.2,0.3,0.7,-0.5,0.9,-0.2,-0.2,0.3,-0.1,-1.3,-0.5,0.1,-2.1,-1.0,-1.7,-1.0,-0.4,-0.8
724,21.4653,1.1,2.4,4.4,2.9,2.7,1.4,1.2,0.3,0.7,-0.5,0.9,-0.2,-0.2,0.3,-0.1,-1.3,-0.5,0.1,-2.1,-1.0,-1.7,-1.0,-0.4
725,1.0999,-0.1,1.1,2.4,4.4,2.9,2.7,1.4,1.2,0.3,0.7,-0.5,0.9,-0.2,-0.2,0.3,-0.1,-1.3,-0.5,0.1,-2.1,-1.0,-1.7,-1.0
726,0.1626,1.0,-0.1,1.1,2.4,4.4,2.9,2.7,1.4,1.2,0.3,0.7,-0.5,0.9,-0.2,-0.2,0.3,-0.1,-1.3,-0.5,0.1,-2.1,-1.0,-1.7
727,1.1151,0.5,1.0,-0.1,1.1,2.4,4.4,2.9,2.7,1.4,1.2,0.3,0.7,-0.5,0.9,-0.2,-0.2,0.3,-0.1,-1.3,-0.5,0.1,-2.1,-1.0
728,0.5096,1.7,0.5,1.0,-0.1,1.1,2.4,4.4,2.9,2.7,1.4,1.2,0.3,0.7,-0.5,0.9,-0.2,-0.2,0.3,-0.1,-1.3,-0.5,0.1,-2.1
729,40.9466,2.0,1.7,0.5,1.0,-0.1,1.1,2.4,4.4,2.9,2.7,1.4,1.2,0.3,0.7,-0.5,0.9,-0.2,-0.2,0.3,-0.1,-1.3,-0.5,0.1
730,88.818,2.1,2.0,1.7,0.5,1.0,-0.1,1.1,2.4,4.4,2.9,2.7,1.4,1.2,0.3,0.7,-0.5,0.9,-0.2,-0.2,0.3,-0.1,-1.3,-0.5
731,97.0118,2.2,2.1,2.0,1.7,0.5,1.0,-0.1,1.1,2.4,4.4,2.9,2.7,1.4,1.2,0.3,0.7,-0.5,0.9,-0.2,-0.2,0.3,-0.1,-1.3
732,49.0287,2.4,2.2,2.1,2.0,1.7,0.5,1.0,-0.1,1.1,2.4,4.4,2.9,2.7,1.4,1.2,0.3,0.7,-0.5,0.9,-0.2,-0.2,0.3,-0.1
733,202.8703,1.8,2.4,2.2,2.1,2.0,1.7,0.5,1.0,-0.1,1.1,2.4,4.4,2.9,2.7,1.4,1.2,0.3,0.7,-0.5,0.9,-0.2,-0.2,0.3
734,115.4962,3.1,1.8,2.4,2.2,2.1,2.0,1.7,0.5,1.0,-0.1,1.1,2.4,4.4,2.9,2.7,1.4,1.2,0.3,0.7,-0.5,0.9,-0.2,-0.2
735,29.3451,0.7,3.1,1.8,2.4,2.2,2.1,2.0,1.7,0.5,1.0,-0.1,1.1,2.4,4.4,2.9,2.7,1.4,1.2,0.3,0.7,-0.5,0.9,-0.2
736,64.9906,1.3,0.7,3.1,1.8,2.4,2.2,2.1,2.0,1.7,0.5,1.0,-0.1,1.1,2.4,4.4,2.9,2.7,1.4,1.2,0.3,0.7,-0.5,0.9
737,33.1836,-0.2,1.3,0.7,3.1,1.8,2.4,2.2,2.1,2.0,1.7,0.5,1.0,-0.1,1.1,2.4,4.4,2.9,2.7,1.4,1.2,0.3,0.7,-0.5
738,0.5204,0.2,-0.2,1.3,0.7,3.1,1.8,2.4,2.2,2.1,2.0,1.7,0.5,1.0,-0.1,1.1,2.4,4.4,2.9,2.7,1.4,1.2,0.3,0.7
739,3.625,0.4,0.2,-0.2,1.3,0.7,3.1,1.8,2.4,2.2,2.1,2.0,1.7,0.5,1.0,-0.1,1.1,2.4,4.4,2.9,2.7,1.4,1.2,0.3
740,3.3392,-0.3,0.4,0.2,-0.2,1.3,0.7,3.1,1.8,2.4,2.2,2.1,2.0,1.7,0.5,1.0,-0.1,1.1,2.4,4.4,2.9,2.7,1.4,1.2
741,82.9566,0.5,-0.3,0.4,0.2,-0.2,1.3,0.7,3.1,1.8,2.4,2.2,2.1,2.0,1.7,0.5,1.0,-0.1,1.1,2.4,4.4,2.9,2.7,1.4
742,43.7936,-2.0,0.5,-0.3,0.4,0.2,-0.2,1.3,0.7,3.1,1.8,2.4,2.2,2.1,2.0,1.7,0.5,1.0,-0.1,1.1,2.4,4.4,2.9,2.7
743,109.6268,-1.0,-2.0,0.5,-0.3,0.4,0.2,-0.2,1.3,0.7,3.1,1.8,2.4,2.2,2.1,2.0,1.7,0.5,1.0,-0.1,1.1,2.4,4.4,2.9
744,238.2645,-1.2,-1.0,-2.0,0.5,-0.3,0.4,0.2,-0.2,1.3,0.7,3.1,1.8,2.4,2.2,2.1,2.0,1.7,0.5,1.0,-0.1,1.1,2.4,4.4
745,120.684,-1.8,-1.2,-1.0,-2.0,0.5,-0.3,0.4,0.2,-0.2,1.3,0.7,3.1,1.8,2.4,2.2,2.1,2.0,1.7,0.5,1.0,-0.1,1.1,2.4
746,93.3441,-2.4,-1.8,-1.2,-1.0,-2.0,0.5,-0.3,0.4,0.2,-0.2,1.3,0.7,3.1,1.8,2.4,2.2,2.1,2.0,1.7,0.5,1.0,-0.1,1.1
747,138.8525,-1.1,-2.4,-1.8,-1.2,-1.0,-2.0,0.5,-0.3,0.4,0.2,-0.2,1.3,0.7,3.1,1.8,2.4,2.2,2.1,2.0,1.7,0.5,1.0,-0.1
748,56.3603,2.0,-1.1,-2.4,-1.8,-1.2,-1.0,-2.0,0.5,-0.3,0.4,0.2,-0.2,1.3,0.7,3.1,1.8,2.4,2.2,2.1,2.0,1.7,0.5,1.0
749,10.2333,1.5,2.0,-1.1,-2.4,-1.8,-1.2,-1.0,-2.0,0.5,-0.3,0.4,0.2,-0.2,1.3,0.7,3.1,1.8,2.4,2.2,2.1,2.0,1.7,0.5
750,1.4612,0.6,1.5,2.0,-1.1,-2.4,-1.8,-1.2,-1.0,-2.0,0.5,-0.3,0.4,0.2,-0.2,1.3,0.7,3.1,1.8,2.4,2.2,2.1,2.0,1.7
751,5.0838,3.0,0.6,1.5,2.0,-1.1,-2.4,-1.8,-1.2,-1.0,-2.0,0.5,-0.3,0.4,0.2,-0.2,1.3,0.7,3.1,1.8,2.4,2.2,2.1,2.0
752,7.5759,3.0,3.0,0.6,1.5,2.0,-1.1,-2.4,-1.8,-1.2,-1.0,-2.0,0.5,-0.3,0.4,0.2,-0.2,1.3,0.7,3.1,1.8,2.4,2.2,2.1
753,120.5645,3.7,3.0,3.0,0.6,1.5,2.0,-1.1,-2.4,-1.8,-1.2,-1.0,-2.0,0.5,-0.3,0.4,0.2,-0.2,1.3,0.7,3.1,1.8,2.4,2.2
754,111.71799999999999,2.9,3.7,3.0,3.0,0.6,1.5,2.0,-1.1,-2.4,-1.8,-1.2,-1.0,-2.0,0.5,-0.3,0.4,0.2,-0.2,1.3,0.7,3.1,1.8,2.4
755,262.4111,2.1,2.9,3.7,3.0,3.0,0.6,1.5,2.0,-1.1,-2.4,-1.8,-1.2,-1.0,-2.0,0.5,-0.3,0.4,0.2,-0.2,1.3,0.7,3.1,1.8
756,42.6051,4.8,2.1,2.9,3.7,3.0,3.0,0.6,1.5,2.0,-1.1,-2.4,-1.8,-1.2,-1.0,-2.0,0.5,-0.3,0.4,0.2,-0.2,1.3,0.7,3.1
757,139.9493,3.8,4.8,2.1,2.9,3.7,3.0,3.0,0.6,1.5,2.0,-1.1,-2.4,-1.8,-1.2,-1.0,-2.0,0.5,-0.3,0.4,0.2,-0.2,1.3,0.7
758,270.8119,4.5,3.8,4.8,2.1,2.9,3.7,3.0,3.0,0.6,1.5,2.0,-1.1,-2.4,-1.8,-1.2,-1.0,-2.0,0.5,-0.3,0.4,0.2,-0.2,1.3
759,51.3182,4.2,4.5,3.8,4.8,2.1,2.9,3.7,3.0,3.0,0.6,1.5,2.0,-1.1,-2.4,-1.8,-1.2,-1.0,-2.0,0.5,-0.3,0.4,0.2,-0.2
760,78.294,3.1,4.2,4.5,3.8,4.8,2.1,2.9,3.7,3.0,3.0,0.6,1.5,2.0,-1.1,-2.4,-1.8,-1.2,-1.0,-2.0,0.5,-0.3,0.4,0.2
761,52.3338,0.6,3.1,4.2,4.5,3.8,4.8,2.1,2.9,3.7,3.0,3.0,0.6,1.5,2.0,-1.1,-2.4,-1.8,-1.2,-1.0,-2.0,0.5,-0.3,0.4
762,1.0189,0.4,0.6,3.1,4.2,4.5,3.8,4.8,2.1,2.9,3.7,3.0,3.0,0.6,1.5,2.0,-1.1,-2.4,-1.8,-1.2,-1.0,-2.0,0.5,-0.3
763,0.0836,1.6,0.4,0.6,3.1,4.2,4.5,3.8,4.8,2.1,2.9,3.7,3.0,3.0,0.6,1.5,2.0,-1.1,-2.4,-1.8,-1.2,-1.0,-2.0,0.5
764,4.8476,0.7,1.6,0.4,0.6,3.1,4.2,4.5,3.8,4.8,2.1,2.9,3.7,3.0,3.0,0.6,1.5,2.0,-1.1,-2.4,-1.8,-1.2,-1.0,-2.0
765,61.7273,1.7,0.7,1.6,0.4,0.6,3.1,4.2,4.5,3.8,4.8,2.1,2.9,3.7,3.0,3.0,0.6,1.5,2.0,-1.1,-2.4,-1.8,-1.2,-1.0
766,55.2414,1.2,1.7,0.7,1.6,0.4,0.6,3.1,4.2,4.5,3.8,4.8,2.1,2.9,3.7,3.0,3.0,0.6,1.5,2.0,-1.1,-2.4,-1.8,-1.2
767,7.7518,1.8,1.2,1.7,0.7,1.6,0.4,0.6,3.1,4.2,4.5,3.8,4.8,2.1,2.9,3.7,3.0,3.0,0.6,1.5,2.0,-1.1,-2.4,-1.8
768,137.0371,4.1,1.8,1.2,1.7,0.7,1.6,0.4,0.6,3.1,4.2,4.5,3.8,4.8,2.1,2.9,3.7,3.0,3.0,0.6,1.5,2.0,-1.1,-2.4
769,53.2907,1.8,4.1,1.8,1.2,1.7,0.7,1.6,0.4,0.6,3.1,4.2,4.5,3.8,4.8,2.1,2.9,3.7,3.0,3.0,0.6,1.5,2.0,-1.1
770,224.7578,0.8,1.8,4.1,1.8,1.2,1.7,0.7,1.6,0.4,0.6,3.1,4.2,4.5,3.8,4.8,2.1,2.9,3.7,3.0,3.0,0.6,1.5,2.0
771,103.1797,1.2,0.8,1.8,4.1,1.8,1.2,1.7,0.7,1.6,0.4,0.6,3.1,4.2,4.5,3.8,4.8,2.1,2.9,3.7,3.0,3.0,0.6,1.5
772,12.3038,-0.4,1.2,0.8,1.8,4.1,1.8,1.2,1.7,0.7,1.6,0.4,0.6,3.1,4.2,4.5,3.8,4.8,2.1,2.9,3.7,3.0,3.0,0.6
773,16.6452,0.1,-0.4,1.2,0.8,1.8,4.1,1.8,1.2,1.7,0.7,1.6,0.4,0.6,3.1,4.2,4.5,3.8,4.8,2.1,2.9,3.7,3.0,3.0
774,1.6076,-0.7,0.1,-0.4,1.2,0.8,1.8,4.1,1.8,1.2,1.7,0.7,1.6,0.4,0.6,3.1,4.2,4.5,3.8,4.8,2.1,2.9,3.7,3.0
775,1.2084,-0.1,-0.7,0.1,-0.4,1.2,0.8,1.8,4.1,1.8,1.2,1.7,0.7,1.6,0.4,0.6,3.1,4.2,4.5,3.8,4.8,2.1,2.9,3.7
776,0.5175,-0.3,-0.1,-0.7,0.1,-0.4,1.2,0.8,1.8,4.1,1.8,1.2,1.7,0.7,1.6,0.4,0.6,3.1,4.2,4.5,3.8,4.8,2.1,2.9
777,43.8587,0.4,-0.3,-0.1,-0.7,0.1,-0.4,1.2,0.8,1.8,4.1,1.8,1.2,1.7,0.7,1.6,0.4,0.6,3.1,4.2,4.5,3.8,4.8,2.1
778,196.8465,0.5,0.4,-0.3,-0.1,-0.7,0.1,-0.4,1.2,0.8,1.8,4.1,1.8,1.2,1.7,0.7,1.6,0.4,0.6,3.1,4.2,4.5,3.8,4.8
779,280.8822,0.4,0.5,0.4,-0.3,-0.1,-0.7,0.1,-0.4,1.2,0.8,1.8,4.1,1.8,1.2,1.7,0.7,1.6,0.4,0.6,3.1,4.2,4.5,3.8
780,34.0143,-1.0,0.4,0.5,0.4,-0.3,-0.1,-0.7,0.1,-0.4,1.2,0.8,1.8,4.1,1.8,1.2,1.7,0.7,1.6,0.4,0.6,3.1,4.2,4.5
781,16.884,-0.1,-1.0,0.4,0.5,0.4,-0.3,-0.1,-0.7,0.1,-0.4,1.2,0.8,1.8,4.1,1.8,1.2,1.7,0.7,1.6,0.4,0.6,3.1,4.2
782,55.8045,-0.4,-0.1,-1.0,0.4,0.5,0.4,-0.3,-0.1,-0.7,0.1,-0.4,1.2,0.8,1.8,4.1,1.8,1.2,1.7,0.7,1.6,0.4,0.6,3.1
783,33.7725,2.5,-0.4,-0.1,-1.0,0.4,0.5,0.4,-0.3,-0.1,-0.7,0.1,-0.4,1.2,0.8,1.8,4.1,1.8,1.2,1.7,0.7,1.6,0.4,0.6
784,29.7707,0.4,2.5,-0.4,-0.1,-1.0,0.4,0.5,0.4,-0.3,-0.1,-0.7,0.1,-0.4,1.2,0.8,1.8,4.1,1.8,1.2,1.7,0.7,1.6,0.4
785,28.7977,1.3,0.4,2.5,-0.4,-0.1,-1.0,0.4,0.5,0.4,-0.3,-0.1,-0.7,0.1,-0.4,1.2,0.8,1.8,4.1,1.8,1.2,1.7,0.7,1.6
786,3.5158,2.0,1.3,0.4,2.5,-0.4,-0.1,-1.0,0.4,0.5,0.4,-0.3,-0.1,-0.7,0.1,-0.4,1.2,0.8,1.8,4.1,1.8,1.2,1.7,0.7
787,4.506,1.3,2.0,1.3,0.4,2.5,-0.4,-0.1,-1.0,0.4,0.5,0.4,-0.3,-0.1,-0.7,0.1,-0.4,1.2,0.8,1.8,4.1,1.8,1.2,1.7
788,32.0714,0.3,1.3,2.0,1.3,0.4,2.5,-0.4,-0.1,-1.0,0.4,0.5,0.4,-0.3,-0.1,-0.7,0.1,-0.4,1.2,0.8,1.8,4.1,1.8,1.2
789,9.5008,0.5,0.3,1.3,2.0,1.3,0.4,2.5,-0.4,-0.1,-1.0,0.4,0.5,0.4,-0.3,-0.1,-0.7,0.1,-0.4,1.2,0.8,1.8,4.1,1.8
790,35.3942,-0.1,0.5,0.3,1.3,2.0,1.3,0.4,2.5,-0.4,-0.1,-1.0,0.4,0.5,0.4,-0.3,-0.1,-0.7,0.1,-0.4,1.2,0.8,1.8,4.1
791,12.9292,1.2,-0.1,0.5,0.3,1.3,2.0,1.3,0.4,2.5,-0.4,-0.1,-1.0,0.4,0.5,0.4,-0.3,-0.1,-0.7,0.1,-0.4,1.2,0.8,1.8
792,21.1996,0.1,1.2,-0.1,0.5,0.3,1.3,2.0,1.3,0.4,2.5,-0.4,-0.1,-1.0,0.4,0.5,0.4,-0.3,-0.1,-0.7,0.1,-0.4,1.2,0.8
793,198.0503,2.4,0.1,1.2,-0.1,0.5,0.3,1.3,2.0,1.3,0.4,2.5,-0.4,-0.1,-1.0,0.4,0.5,0.4,-0.3,-0.1,-0.7,0.1,-0.4,1.2
794,161.3026,0.1,2.4,0.1,1.2,-0.1,0.5,0.3,1.3,2.0,1.3,0.4,2.5,-0.4,-0.1,-1.0,0.4,0.5,0.4,-0.3,-0.1,-0.7,0.1,-0.4
795,41.2507,-1.5,0.1,2.4,0.1,1.2,-0.1,0.5,0.3,1.3,2.0,1.3,0.4,2.5,-0.4,-0.1,-1.0,0.4,0.5,0.4,-0.3,-0.1,-0.7,0.1
796,14.4935,1.3,-1.5,0.1,2.4,0.1,1.2,-0.1,0.5,0.3,1.3,2.0,1.3,0.4,2.5,-0.4,-0.1,-1.0,0.4,0.5,0.4,-0.3,-0.1,-0.7
797,2.0898,0.9,1.3,-1.5,0.1,2.4,0.1,1.2,-0.1,0.5,0.3,1.3,2.0,1.3,0.4,2.5,-0.4,-0.1,-1.0,0.4,0.5,0.4,-0.3,-0.1
798,3.341,0.3,0.9,1.3,-1.5,0.1,2.4,0.1,1.2,-0.1,0.5,0.3,1.3,2.0,1.3,0.4,2.5,-0.4,-0.1,-1.0,0.4,0.5,0.4,-0.3
799,10.7854,-0.3,0.3,0.9,1.3,-1.5,0.1,2.4,0.1,1.2,-0.1,0.5,0.3,1.3,2.0,1.3,0.4,2.5,-0.4,-0.1,-1.0,0.4,0.5,0.4
800,28.0406,-1.2,-0.3,0.3,0.9,1.3,-1.5,0.1,2.4,0.1,1.2,-0.1,0.5,0.3,1.3,2.0,1.3,0.4,2.5,-0.4,-0.1,-1.0,0.4,0.5
801,46.9196,-1.2,-1.2,-0.3,0.3,0.9,1.3,-1.5,0.1,2.4,0.1,1.2,-0.1,0.5,0.3,1.3,2.0,1.3,0.4,2.5,-0.4,-0.1,-1.0,0.4
802,87.9625,-1.0,-1.2,-1.2,-0.3,0.3,0.9,1.3,-1.5,0.1,2.4,0.1,1.2,-0.1,0.5,0.3,1.3,2.0,1.3,0.4,2.5,-0.4,-0.1,-1.0
803,297.4748,-1.5,-1.0,-1.2,-1.2,-0.3,0.3,0.9,1.3,-1.5,0.1,2.4,0.1,1.2,-0.1,0.5,0.3,1.3,2.0,1.3,0.4,2.5,-0.4,-0.1
804,7.0892,-0.9,-1.5,-1.0,-1.2,-1.2,-0.3,0.3,0.9,1.3,-1.5,0.1,2.4,0.1,1.2,-0.1,0.5,0.3,1.3,2.0,1.3,0.4,2.5,-0.4
805,123.0254,-1.4,-0.9,-1.5,-1.0,-1.2,-1.2,-0.3,0.3,0.9,1.3,-1.5,0.1,2.4,0.1,1.2,-0.1,0.5,0.3,1.3,2.0,1.3,0.4,2.5
806,21.8603,0.4,-1.4,-0.9,-1.5,-1.0,-1.2,-1.2,-0.3,0.3,0.9,1.3,-1.5,0.1,2.4,0.1,1.2,-0.1,0.5,0.3,1.3,2.0,1.3,0.4
807,47.7184,-1.2,0.4,-1.4,-0.9,-1.5,-1.0,-1.2,-1.2,-0.3,0.3,0.9,1.3,-1.5,0.1,2.4,0.1,1.2,-0.1,0.5,0.3,1.3,2.0,1.3
808,33.188,-0.1,-1.2,0.4,-1.4,-0.9,-1.5,-1.0,-1.2,-1.2,-0.3,0.3,0.9,1.3,-1.5,0.1,2.4,0.1,1.2,-0.1,0.5,0.3,1.3,2.0
809,10.5514,-1.2,-0.1,-1.2,0.4,-1.4,-0.9,-1.5,-1.0,-1.2,-1.2,-0.3,0.3,0.9,1.3,-1.5,0.1,2.4,0.1,1.2,-0.1,0.5,0.3,1.3
810,12.0241,-0.9,-1.2,-0.1,-1.2,0.4,-1.4,-0.9,-1.5,-1.0,-1.2,-1.2,-0.3,0.3,0.9,1.3,-1.5,0.1,2.4,0.1,1.2,-0.1,0.5,0.3
811,1.4595,-1.9,-0.9,-1.2,-0.1,-1.2,0.4,-1.4,-0.9,-1.5,-1.0,-1.2,-1.2,-0.3,0.3,0.9,1.3,-1.5,0.1,2.4,0.1,1.2,-0.1,0.5
812,9.2705,-2.4,-1.9,-0.9,-1.2,-0.1,-1.2,0.4,-1.4,-0.9,-1.5,-1.0,-1.2,-1.2,-0.3,0.3,0.9,1.3,-1.5,0.1,2.4,0.1,1.2,-0.1
813,22.9831,-2.7,-2.4,-1.9,-0.9,-1.2,-0.1,-1.2,0.4,-1.4,-0.9,-1.5,-1.0,-1.2,-1.2,-0.3,0.3,0.9,1.3,-1.5,0.1,2.4,0.1,1.2
814,74.0655,-2.8,-2.7,-2.4,-1.9,-0.9,-1.2,-0.1,-1.2,0.4,-1.4,-0.9,-1.5,-1.0,-1.2,-1.2,-0.3,0.3,0.9,1.3,-1.5,0.1,2.4,0.1
815,189.5778,-0.8,-2.8,-2.7,-2.4,-1.9,-0.9,-1.2,-0.1,-1.2,0.4,-1.4,-0.9,-1.5,-1.0,-1.2,-1.2,-0.3,0.3,0.9,1.3,-1.5,0.1,2.4
816,268.7216,-0.9,-0.8,-2.8,-2.7,-2.4,-1.9,-0.9,-1.2,-0.1,-1.2,0.4,-1.4,-0.9,-1.5,-1.0,-1.2,-1.2,-0.3,0.3,0.9,1.3,-1.5,0.1
817,44.3011,-3.6,-0.9,-0.8,-2.8,-2.7,-2.4,-1.9,-0.9,-1.2,-0.1,-1.2,0.4,-1.4,-0.9,-1.5,-1.0,-1.2,-1.2,-0.3,0.3,0.9,1.3,-1.5
818,244.0325,-3.2,-3.6,-0.9,-0.8,-2.8,-2.7,-2.4,-1.9,-0.9,-1.2,-0.1,-1.2,0.4,-1.4,-0.9,-1.5,-1.0,-1.2,-1.2,-0.3,0.3,0.9,1.3
819,49.3529,-0.1,-3.2,-3.6,-0.9,-0.8,-2.8,-2.7,-2.4,-1.9,-0.9,-1.2,-0.1,-1.2,0.4,-1.4,-0.9,-1.5,-1.0,-1.2,-1.2,-0.3,0.3,0.9
820,41.931000000000004,-2.0,-0.1,-3.2,-3.6,-0.9,-0.8,-2.8,-2.7,-2.4,-1.9,-0.9,-1.2,-0.1,-1.2,0.4,-1.4,-0.9,-1.5,-1.0,-1.2,-1.2,-0.3,0.3
821,17.4652,0.7,-2.0,-0.1,-3.2,-3.6,-0.9,-0.8,-2.8,-2.7,-2.4,-1.9,-0.9,-1.2,-0.1,-1.2,0.4,-1.4,-0.9,-1.5,-1.0,-1.2,-1.2,-0.3
822,0.3426,1.1,0.7,-2.0,-0.1,-3.2,-3.6,-0.9,-0.8,-2.8,-2.7,-2.4,-1.9,-0.9,-1.2,-0.1,-1.2,0.4,-1.4,-0.9,-1.5,-1.0,-1.2,-1.2
823,0.4173,0.7,1.1,0.7,-2.0,-0.1,-3.2,-3.6,-0.9,-0.8,-2.8,-2.7,-2.4,-1.9,-0.9,-1.2,-0.1,-1.2,0.4,-1.4,-0.9,-1.5,-1.0,-1.2
824,0.7685,1.2,0.7,1.1,0.7,-2.0,-0.1,-3.2,-3.6,-0.9,-0.8,-2.8,-2.7,-2.4,-1.9,-0.9,-1.2,-0.1,-1.2,0.4,-1.4,-0.9,-1.5,-1.0
825,181.2137,2.0,1.2,0.7,1.1,0.7,-2.0,-0.1,-3.2,-3.6,-0.9,-0.8,-2.8,-2.7,-2.4,-1.9,-0.9,-1.2,-0.1,-1.2,0.4,-1.4,-0.9,-1.5
826,96.6702,-0.4,2.0,1.2,0.7,1.1,0.7,-2.0,-0.1,-3.2,-3.6,-0.9,-0.8,-2.8,-2.7,-2.4,-1.9,-0.9,-1.2,-0.1,-1.2,0.4,-1.4,-0.9
827,177.6215,-0.2,-0.4,2.0,1.2,0.7,1.1,0.7,-2.0,-0.1,-3.2,-3.6,-0.9,-0.8,-2.8,-2.7,-2.4,-1.9,-0.9,-1.2,-0.1,-1.2,0.4,-1.4
828,380.962,0.5,-0.2,-0.4,2.0,1.2,0.7,1.1,0.7,-2.0,-0.1,-3.2,-3.6,-0.9,-0.8,-2.8,-2.7,-2.4,-1.9,-0.9,-1.2,-0.1,-1.2,0.4
829,340.2068,0.3,0.5,-0.2,-0.4,2.0,1.2,0.7,1.1,0.7,-2.0,-0.1,-3.2,-3.6,-0.9,-0.8,-2.8,-2.7,-2.4,-1.9,-0.9,-1.2,-0.1,-1.2
830,114.1328,-0.1,0.3,0.5,-0.2,-0.4,2.0,1.2,0.7,1.1,0.7,-2.0,-0.1,-3.2,-3.6,-0.9,-0.8,-2.8,-2.7,-2.4,-1.9,-0.9,-1.2,-0.1
831,143.1149,1.5,-0.1,0.3,0.5,-0.2,-0.4,2.0,1.2,0.7,1.1,0.7,-2.0,-0.1,-3.2,-3.6,-0.9,-0.8,-2.8,-2.7,-2.4,-1.9,-0.9,-1.2
832,12.1876,-0.3,1.5,-0.1,0.3,0.5,-0.2,-0.4,2.0,1.2,0.7,1.1,0.7,-2.0,-0.1,-3.2,-3.6,-0.9,-0.8,-2.8,-2.7,-2.4,-1.9,-0.9
833,15.8043,0.4,-0.3,1.5,-0.1,0.3,0.5,-0.2,-0.4,2.0,1.2,0.7,1.1,0.7,-2.0,-0.1,-3.2,-3.6,-0.9,-0.8,-2.8,-2.7,-2.4,-1.9
834,1.4828,-0.7,0.4,-0.3,1.5,-0.1,0.3,0.5,-0.2,-0.4,2.0,1.2,0.7,1.1,0.7,-2.0,-0.1,-3.2,-3.6,-0.9,-0.8,-2.8,-2.7,-2.4
835,4.0216,1.3,-0.7,0.4,-0.3,1.5,-0.1,0.3,0.5,-0.2,-0.4,2.0,1.2,0.7,1.1,0.7,-2.0,-0.1,-3.2,-3.6,-0.9,-0.8,-2.8,-2.7
836,11.5704,0.9,1.3,-0.7,0.4,-0.3,1.5,-0.1,0.3,0.5,-0.2,-0.4,2.0,1.2,0.7,1.1,0.7,-2.0,-0.1,-3.2,-3.6,-0.9,-0.8,-2.8
837,16.6042,1.0,0.9,1.3,-0.7,0.4,-0.3,1.5,-0.1,0.3,0.5,-0.2,-0.4,2.0,1.2,0.7,1.1,0.7,-2.0,-0.1,-3.2,-3.6,-0.9,-0.8
838,176.8425,1.5,1.0,0.9,1.3,-0.7,0.4,-0.3,1.5,-0.1,0.3,0.5,-0.2,-0.4,2.0,1.2,0.7,1.1,0.7,-2.0,-0.1,-3.2,-3.6,-0.9
839,12.1807,1.5,1.5,1.0,0.9,1.3,-0.7,0.4,-0.3,1.5,-0.1,0.3,0.5,-0.2,-0.4,2.0,1.2,0.7,1.1,0.7,-2.0,-0.1,-3.2,-3.6
840,132.9864,-0.2,1.5,1.5,1.0,0.9,1.3,-0.7,0.4,-0.3,1.5,-0.1,0.3,0.5,-0.2,-0.4,2.0,1.2,0.7,1.1,0.7,-2.0,-0.1,-3.2
841,17.7423,1.8,-0.2,1.5,1.5,1.0,0.9,1.3,-0.7,0.4,-0.3,1.5,-0.1,0.3,0.5,-0.2,-0.4,2.0,1.2,0.7,1.1,0.7,-2.0,-0.1
842,203.0096,-0.8,1.8,-0.2,1.5,1.5,1.0,0.9,1.3,-0.7,0.4,-0.3,1.5,-0.1,0.3,0.5,-0.2,-0.4,2.0,1.2,0.7,1.1,0.7,-2.0
843,112.3136,2.4,-0.8,1.8,-0.2,1.5,1.5,1.0,0.9,1.3,-0.7,0.4,-0.3,1.5,-0.1,0.3,0.5,-0.2,-0.4,2.0,1.2,0.7,1.1,0.7
844,37.2332,0.8,2.4,-0.8,1.8,-0.2,1.5,1.5,1.0,0.9,1.3,-0.7,0.4,-0.3,1.5,-0.1,0.3,0.5,-0.2,-0.4,2.0,1.2,0.7,1.1
845,3.5635,0.6,0.8,2.4,-0.8,1.8,-0.2,1.5,1.5,1.0,0.9,1.3,-0.7,0.4,-0.3,1.5,-0.1,0.3,0.5,-0.2,-0.4,2.0,1.2,0.7
846,1.2335,-0.2,0.6,0.8,2.4,-0.8,1.8,-0.2,1.5,1.5,1.0,0.9,1.3,-0.7,0.4,-0.3,1.5,-0.1,0.3,0.5,-0.2,-0.4,2.0,1.2
847,0.1221,0.4,-0.2,0.6,0.8,2.4,-0.8,1.8,-0.2,1.5,1.5,1.0,0.9,1.3,-0.7,0.4,-0.3,1.5,-0.1,0.3,0.5,-0.2,-0.4,2.0
848,0.7819,-0.5,0.4,-0.2,0.6,0.8,2.4,-0.8,1.8,-0.2,1.5,1.5,1.0,0.9,1.3,-0.7,0.4,-0.3,1.5,-0.1,0.3,0.5,-0.2,-0.4
849,24.802,-1.5,-0.5,0.4,-0.2,0.6,0.8,2.4,-0.8,1.8,-0.2,1.5,1.5,1.0,0.9,1.3,-0.7,0.4,-0.3,1.5,-0.1,0.3,0.5,-0.2
850,120.7473,0.6,-1.5,-0.5,0.4,-0.2,0.6,0.8,2.4,-0.8,1.8,-0.2,1.5,1.5,1.0,0.9,1.3,-0.7,0.4,-0.3,1.5,-0.1,0.3,0.5
851,103.2618,-0.1,0.6,-1.5,-0.5,0.4,-0.2,0.6,0.8,2.4,-0.8,1.8,-0.2,1.5,1.5,1.0,0.9,1.3,-0.7,0.4,-0.3,1.5,-0.1,0.3
852,222.75099999999998,1.7,-0.1,0.6,-1.5,-0.5,0.4,-0.2,0.6,0.8,2.4,-0.8,1.8,-0.2,1.5,1.5,1.0,0.9,1.3,-0.7,0.4,-0.3,1.5,-0.1
853,359.7008,-0.1,1.7,-0.1,0.6,-1.5,-0.5,0.4,-0.2,0.6,0.8,2.4,-0.8,1.8,-0.2,1.5,1.5,1.0,0.9,1.3,-0.7,0.4,-0.3,1.5
854,176.59900000000002,-2.3,-0.1,1.7,-0.1,0.6,-1.5,-0.5,0.4,-0.2,0.6,0.8,2.4,-0.8,1.8,-0.2,1.5,1.5,1.0,0.9,1.3,-0.7,0.4,-0.3
855,63.4491,-0.5,-2.3,-0.1,1.7,-0.1,0.6,-1.5,-0.5,0.4,-0.2,0.6,0.8,2.4,-0.8,1.8,-0.2,1.5,1.5,1.0,0.9,1.3,-0.7,0.4
856,112.9918,0.2,-0.5,-2.3,-0.1,1.7,-0.1,0.6,-1.5,-0.5,0.4,-0.2,0.6,0.8,2.4,-0.8,1.8,-0.2,1.5,1.5,1.0,0.9,1.3,-0.7
857,4.5853,-0.7,0.2,-0.5,-2.3,-0.1,1.7,-0.1,0.6,-1.5,-0.5,0.4,-0.2,0.6,0.8,2.4,-0.8,1.8,-0.2,1.5,1.5,1.0,0.9,1.3
858,0.2598,-0.7,-0.7,0.2,-0.5,-2.3,-0.1,1.7,-0.1,0.6,-1.5,-0.5,0.4,-0.2,0.6,0.8,2.4,-0.8,1.8,-0.2,1.5,1.5,1.0,0.9
859,6.0749,-0.6,-0.7,-0.7,0.2,-0.5,-2.3,-0.1,1.7,-0.1,0.6,-1.5,-0.5,0.4,-0.2,0.6,0.8,2.4,-0.8,1.8,-0.2,1.5,1.5,1.0
860,33.5986,-0.2,-0.6,-0.7,-0.7,0.2,-0.5,-2.3,-0.1,1.7,-0.1,0.6,-1.5,-0.5,0.4,-0.2,0.6,0.8,2.4,-0.8,1.8,-0.2,1.5,1.5
861,4.1724,-1.9,-0.2,-0.6,-0.7,-0.7,0.2,-0.5,-2.3,-0.1,1.7,-0.1,0.6,-1.5,-0.5,0.4,-0.2,0.6,0.8,2.4,-0.8,1.8,-0.2,1.5
862,32.1426,-0.6,-1.9,-0.2,-0.6,-0.7,-0.7,0.2,-0.5,-2.3,-0.1,1.7,-0.1,0.6,-1.5,-0.5,0.4,-0.2,0.6,0.8,2.4,-0.8,1.8,-0.2
863,182.956,-1.4,-0.6,-1.9,-0.2,-0.6,-0.7,-0.7,0.2,-0.5,-2.3,-0.1,1.7,-0.1,0.6,-1.5,-0.5,0.4,-0.2,0.6,0.8,2.4,-0.8,1.8
864,93.2502,-0.9,-1.4,-0.6,-1.9,-0.2,-0.6,-0.7,-0.7,0.2,-0.5,-2.3,-0.1,1.7,-0.1,0.6,-1.5,-0.5,0.4,-0.2,0.6,0.8,2.4,-0.8
865,1.8492,0.3,-0.9,-1.4,-0.6,-1.9,-0.2,-0.6,-0.7,-0.7,0.2,-0.5,-2.3,-0.1,1.7,-0.1,0.6,-1.5,-0.5,0.4,-0.2,0.6,0.8,2.4
866,97.1573,-0.1,0.3,-0.9,-1.4,-0.6,-1.9,-0.2,-0.6,-0.7,-0.7,0.2,-0.5,-2.3,-0.1,1.7,-0.1,0.6,-1.5,-0.5,0.4,-0.2,0.6,0.8
867,43.1236,-0.2,-0.1,0.3,-0.9,-1.4,-0.6,-1.9,-0.2,-0.6,-0.7,-0.7,0.2,-0.5,-2.3,-0.1,1.7,-0.1,0.6,-1.5,-0.5,0.4,-0.2,0.6
868,67.36,0.3,-0.2,-0.1,0.3,-0.9,-1.4,-0.6,-1.9,-0.2,-0.6,-0.7,-0.7,0.2,-0.5,-2.3,-0.1,1.7,-0.1,0.6,-1.5,-0.5,0.4,-0.2
869,7.2201,0.7,0.3,-0.2,-0.1,0.3,-0.9,-1.4,-0.6,-1.9,-0.2,-0.6,-0.7,-0.7,0.2,-0.5,-2.3,-0.1,1.7,-0.1,0.6,-1.5,-0.5,0.4
870,1.666,-0.6,0.7,0.3,-0.2,-0.1,0.3,-0.9,-1.4,-0.6,-1.9,-0.2,-0.6,-0.7,-0.7,0.2,-0.5,-2.3,-0.1,1.7,-0.1,0.6,-1.5,-0.5
871,3.2309,0.7,-0.6,0.7,0.3,-0.2,-0.1,0.3,-0.9,-1.4,-0.6,-1.9,-0.2,-0.6,-0.7,-0.7,0.2,-0.5,-2.3,-0.1,1.7,-0.1,0.6,-1.5
872,0.1364,1.8,0.7,-0.6,0.7,0.3,-0.2,-0.1,0.3,-0.9,-1.4,-0.6,-1.9,-0.2,-0.6,-0.7,-0.7,0.2,-0.5,-2.3,-0.1,1.7,-0.1,0.6
873,0.8095,1.5,1.8,0.7,-0.6,0.7,0.3,-0.2,-0.1,0.3,-0.9,-1.4,-0.6,-1.9,-0.2,-0.6,-0.7,-0.7,0.2,-0.5,-2.3,-0.1,1.7,-0.1
874,55.8867,0.8,1.5,1.8,0.7,-0.6,0.7,0.3,-0.2,-0.1,0.3,-0.9,-1.4,-0.6,-1.9,-0.2,-0.6,-0.7,-0.7,0.2,-0.5,-2.3,-0.1,1.7
875,73.7052,1.1,0.8,1.5,1.8,0.7,-0.6,0.7,0.3,-0.2,-0.1,0.3,-0.9,-1.4,-0.6,-1.9,-0.2,-0.6,-0.7,-0.7,0.2,-0.5,-2.3,-0.1
